Item_Identifier,Outlet_Identifier,Item_Outlet_Sales
1114,OUT049,1725.5981307027532
1078,OUT017,1413.8797367777079
1420,OUT010,597.4868381515753
817,OUT017,2440.6317450271335
1197,OUT027,6356.805357876101
465,OUT046,1951.3785301666053
610,OUT018,713.3956297059065
268,OUT027,2142.7278199035422
674,OUT045,1484.9740492212113
172,OUT017,3141.344093541091
952,OUT017,1966.8087301848159
815,OUT045,1400.0559664291425
1292,OUT019,637.917685319544
975,OUT049,2088.5032540384746
120,OUT013,835.5078602782335
632,OUT049,2394.457025520077
504,OUT045,3298.47925228803
9,OUT018,2764.790079805819
1400,OUT027,3005.8843621163282
180,OUT010,578.669891688408
167,OUT013,2774.154621545599
1359,OUT035,3662.5890091802476
424,OUT046,828.7399769774522
1380,OUT019,354.43768013478365
875,OUT035,2960.356356293589
1134,OUT010,600.8313832877056
1317,OUT035,872.3392992950793
1304,OUT046,2484.1019279038874
13,OUT046,2998.869074556044
329,OUT035,2003.6777487395034
1474,OUT019,244.80054276390126
1159,OUT018,2681.5413234170787
1467,OUT018,681.3004496352473
991,OUT027,5534.11037525802
1015,OUT017,2411.9015132870227
822,OUT027,5494.15333313308
907,OUT027,2258.856713095979
309,OUT010,360.09932429176814
1316,OUT017,2998.8488644248814
1301,OUT027,2625.590462283274
1302,OUT018,1794.3533506641074
1181,OUT010,351.94885737282283
1548,OUT017,2920.14398091951
1380,OUT018,2170.177479634789
748,OUT010,633.0716159836065
252,OUT013,1839.2982707113138
831,OUT010,291.60737360896144
1485,OUT035,3240.781569054374
382,OUT035,4049.236442525324
994,OUT046,2155.6377298328453
66,OUT046,965.6847613011901
619,OUT013,1764.339446363601
892,OUT017,2961.054358489493
518,OUT017,2087.0697903772916
1052,OUT027,4860.958411331663
394,OUT049,3319.83473875973
151,OUT013,3057.5637939847816
920,OUT013,735.4891143366663
616,OUT019,609.2719655630963
351,OUT045,1448.288824048374
1076,OUT035,2438.6541153182916
612,OUT017,3643.558637398287
1546,OUT027,3365.338392025923
824,OUT017,1602.7831990466666
678,OUT045,2270.092643190307
215,OUT027,2505.894772487992
161,OUT017,2839.0466303789535
1376,OUT046,3935.434590065782
491,OUT013,3147.0935135636732
1526,OUT045,3314.4123444701504
1530,OUT049,3194.1896311467563
259,OUT027,2614.54541404856
1226,OUT018,1784.64333661188
62,OUT049,4547.454166541809
1324,OUT045,3389.2896105386408
14,OUT045,2729.085886538483
1033,OUT019,388.6976347100639
230,OUT046,2418.172364411118
140,OUT019,626.6411655441534
155,OUT013,2441.51729545586
11,OUT035,2472.540605131143
1083,OUT018,1576.1731829504815
1336,OUT046,1671.357355060822
1014,OUT013,3100.973071289036
1188,OUT017,2889.321177463845
1062,OUT035,1752.7033551535499
965,OUT046,3572.882536942783
207,OUT046,3395.52882395239
859,OUT045,826.2279835692491
192,OUT010,615.0438144699347
677,OUT045,2541.1029420087107
1118,OUT027,5528.586643162491
787,OUT027,2706.5207427878718
995,OUT018,1415.8398998747682
1493,OUT013,2114.305034926716
1236,OUT046,816.8881398192491
688,OUT017,2249.3931424630955
147,OUT018,2163.8313892714077
1243,OUT045,3023.037522373391
1499,OUT013,1366.1437985654252
949,OUT018,2218.142732510996
579,OUT017,1588.0034138904166
1234,OUT017,2952.9584959033946
400,OUT046,2175.4605829179864
3,OUT019,577.7110293837205
1291,OUT027,6534.278397339927
1127,OUT019,626.3405063644659
631,OUT049,911.998458617443
508,OUT027,1298.437252120667
978,OUT018,3410.370992581289
213,OUT010,524.2793758468702
752,OUT046,3223.555262142382
717,OUT010,316.19384854093846
334,OUT027,6045.043350514146
709,OUT035,1573.7241988264482
115,OUT027,2586.0444244284968
891,OUT046,957.5887530004088
1136,OUT013,1499.872397035606
1217,OUT035,1593.823310820922
609,OUT045,1857.5333264634826
916,OUT027,4780.839528385326
1423,OUT017,704.7248321101038
701,OUT035,1522.0317853278375
277,OUT049,1538.4367419129571
182,OUT018,3427.391428624828
1243,OUT027,5300.503966078117
558,OUT045,1979.9397307834229
1085,OUT018,667.5171854750911
626,OUT018,1469.778768803255
626,OUT013,1756.1752007581322
1116,OUT018,2719.462265791523
329,OUT013,2034.5339854841607
1400,OUT035,1781.3284839524263
1214,OUT010,345.16389326388025
86,OUT049,1330.1732971672673
940,OUT019,458.87307429514254
791,OUT018,638.6119425551692
867,OUT049,1281.890835085137
269,OUT019,350.60200361544275
1036,OUT013,2366.8931427836706
46,OUT010,614.2911380262987
809,OUT046,725.8442168757288
132,OUT049,1547.2875325427603
1540,OUT035,2245.1318665953568
351,OUT035,1507.152010762986
1282,OUT045,1971.820416437392
1319,OUT035,2483.1237308099508
511,OUT027,4794.494301034019
1285,OUT017,1708.3057723043157
1297,OUT027,1697.583275884929
609,OUT049,1962.1786334311646
629,OUT045,3699.7428009964915
1342,OUT010,635.8926394911424
122,OUT035,3992.9460555055416
1334,OUT018,2389.663173582496
886,OUT013,2126.9350829487316
724,OUT018,713.0650327820783
896,OUT049,1034.3678087532576
109,OUT045,1351.7667009912886
84,OUT049,954.0827410375182
1020,OUT017,2470.2797594292015
1408,OUT035,3222.2900735123176
434,OUT013,3891.3564185269843
883,OUT046,3141.0675130730237
1050,OUT049,1209.525503370148
1253,OUT010,341.94404756791505
887,OUT027,2325.527140492677
568,OUT049,2816.464445558208
906,OUT045,2380.7450435913674
557,OUT010,643.2794192762987
292,OUT045,3379.6630763568683
1340,OUT017,2816.3209990565256
1440,OUT010,358.6346145845166
652,OUT010,259.34795182151845
1036,OUT017,2383.7890342983674
434,OUT018,3154.11607462672
877,OUT027,3137.156334139253
851,OUT027,4950.34145255516
740,OUT027,1034.5296926205906
49,OUT027,5605.208159772239
241,OUT035,1758.2332013449561
387,OUT018,2919.7819216909747
409,OUT035,4074.274237327514
1307,OUT017,958.0987322484557
1402,OUT010,346.112977621626
1410,OUT049,1796.3676315583227
375,OUT035,3135.293124362128
363,OUT013,4105.661487533955
88,OUT049,3882.9641530439458
1331,OUT035,2961.16607921627
643,OUT046,1663.9743924602385
963,OUT018,2844.695562545776
1036,OUT046,2355.989583093501
500,OUT019,633.6911533371222
874,OUT035,861.0878954864855
1289,OUT027,3737.2738463156097
778,OUT019,590.94377952794
250,OUT017,3152.7978685367543
1259,OUT046,2763.1824437505998
1247,OUT019,279.9207738775161
904,OUT027,2994.733693218873
20,OUT045,2130.286315981559
1053,OUT017,3094.9153098687975
596,OUT045,2486.5171578637737
188,OUT018,1844.036906111438
670,OUT046,1835.246708444131
629,OUT049,4135.361098429673
701,OUT017,1504.5306551860408
581,OUT035,3212.8339677458216
355,OUT046,1984.1783282553833
469,OUT027,2981.9966314682188
1293,OUT019,252.25464432640126
822,OUT018,2803.2649264945785
200,OUT017,1550.4311277087238
855,OUT013,4057.0270123299297
1407,OUT017,2137.421899431245
647,OUT019,367.9155899263135
960,OUT027,6408.055926685058
596,OUT046,2429.7272818100873
1556,OUT046,4048.5965675083416
85,OUT019,454.6907165070566
1100,OUT013,2258.8523440332183
675,OUT046,2756.4253227229683
868,OUT035,3092.705394108338
1332,OUT045,1889.0076004632276
243,OUT035,1463.686450114463
1145,OUT018,3143.073769317807
1274,OUT046,2483.2770446551003
826,OUT019,607.3350759146588
272,OUT017,1607.2424275622916
1202,OUT013,4369.568159728449
161,OUT010,529.0168361106521
318,OUT035,1587.1145796858232
1083,OUT045,1721.0818079587289
1044,OUT046,1197.9909722570133
915,OUT049,1756.1154473401634
1521,OUT017,2164.670700424529
1374,OUT046,1990.4252044127888
403,OUT019,631.4080112472784
415,OUT017,2686.017466025861
282,OUT010,255.5411280910497
1424,OUT017,3690.4848989199922
513,OUT010,452.8975365664586
1096,OUT017,1732.0327968278593
1083,OUT010,359.78114704158213
1181,OUT017,1966.1072745839242
27,OUT013,828.9683094969835
1293,OUT049,746.459024004635
463,OUT010,298.2412193964093
695,OUT017,4270.240822665876
1001,OUT045,3699.45147967141
1123,OUT010,573.6687320204393
455,OUT019,325.93832485929784
1114,OUT017,1715.478196620722
267,OUT017,3703.590375334799
1473,OUT035,1657.7716231428544
62,OUT035,4598.834293494934
271,OUT027,3604.201685566832
1177,OUT046,1222.9160673349918
1194,OUT013,763.6369082197566
491,OUT017,3319.067539302083
1502,OUT049,2365.946112619209
1192,OUT018,2470.8391181850693
245,OUT027,3639.902794016549
967,OUT049,3200.3850044976707
1506,OUT046,2904.1076112256424
1513,OUT018,2768.0778440609074
1544,OUT017,3197.4196326931024
808,OUT049,1826.0987800026828
428,OUT027,3895.331669450019
561,OUT017,3667.3051382516614
1295,OUT045,1812.37704303397
1533,OUT027,3720.0623984324257
1496,OUT013,2407.5531099012433
135,OUT035,853.7759448028918
496,OUT035,1361.9567561094912
179,OUT049,2256.8739334054435
754,OUT045,999.7327917464999
1167,OUT046,1944.3110547208269
923,OUT018,1862.6933719063356
65,OUT027,2452.8610147269137
172,OUT018,2646.872090798708
1319,OUT017,2470.0825360134895
401,OUT049,2401.0280491505137
409,OUT027,6111.772053506243
978,OUT049,3968.816721646497
1204,OUT019,369.32514028344224
503,OUT049,1468.788900941856
16,OUT013,942.8917315160338
631,OUT046,963.2188494359557
451,OUT013,764.3752532526819
144,OUT013,1976.1256769109918
1459,OUT046,1710.0332329846947
701,OUT027,2295.0030896673616
971,OUT027,3771.351050348755
1275,OUT013,3026.522864586018
1006,OUT045,2035.3852404633133
1401,OUT045,2577.2396642874837
844,OUT010,479.044079544166
111,OUT018,645.328678395013
1346,OUT010,631.8357286934697
25,OUT017,2811.168311926664
1327,OUT046,3052.841008142973
437,OUT035,1751.7136568948129
636,OUT035,1525.1514614465798
634,OUT035,2427.7075444843476
1507,OUT027,4194.148255728502
1456,OUT046,1708.363674686801
875,OUT013,2892.2196858008565
213,OUT027,4016.210381506483
476,OUT013,1421.8412846292704
1526,OUT013,3516.5348791410042
1284,OUT018,1844.6598947032883
1068,OUT017,2127.8726071920273
1301,OUT017,1675.5651264364587
650,OUT018,1226.9737918617038
190,OUT017,3623.316756822245
576,OUT046,3025.9328076616584
769,OUT045,3876.319393066362
1082,OUT018,1816.4751968270034
910,OUT049,1657.946294647591
1493,OUT018,1811.490064783607
1387,OUT013,2953.5858760138035
239,OUT045,2982.415494703573
377,OUT035,3179.099555574202
733,OUT027,3150.4554847597574
296,OUT010,320.2691201473838
1223,OUT045,2074.245775041187
1247,OUT035,992.1386168420111
311,OUT018,667.4061902956814
1544,OUT019,601.525604579033
772,OUT017,3508.6816634192774
1057,OUT017,4349.891648617353
1185,OUT019,279.06402115626884
1436,OUT017,1746.8656304456322
830,OUT017,1937.9370798972075
909,OUT017,968.0608753108759
751,OUT045,1639.1011714741062
1282,OUT027,3166.8032907734814
375,OUT017,3101.767737913676
672,OUT018,2760.828725551999
127,OUT017,777.6268096491663
664,OUT049,2851.4659404390095
113,OUT046,3926.6596282808464
1062,OUT049,1735.3166975972845
67,OUT027,2567.460697251685
147,OUT017,2401.1839009410323
386,OUT027,5397.571985181872
1142,OUT046,2580.3030422309216
1163,OUT049,1577.893428538854
1269,OUT045,2795.319744494399
724,OUT013,815.1758595458116
582,OUT019,354.61950838334474
127,OUT035,764.672158554861
833,OUT013,3355.6048769206786
1287,OUT018,2739.8765379627403
1310,OUT045,3162.3544793564743
1185,OUT017,1025.2816223934706
441,OUT049,2868.7811717236796
533,OUT013,2896.559869361018
680,OUT010,616.7302294258916
1172,OUT035,2166.0295062547843
1244,OUT035,1443.6642943527443
1494,OUT045,840.1678453189697
142,OUT018,672.3508646743098
1554,OUT018,1947.438604055148
264,OUT018,1661.707691221145
223,OUT035,1749.2188580832374
1170,OUT013,2573.3911360155475
634,OUT046,2508.6087279591425
1248,OUT017,4254.837766626737
949,OUT019,462.1064422150644
1284,OUT019,376.4845335939891
589,OUT027,3777.866825838155
615,OUT017,4159.636437964817
972,OUT046,1612.6782796130728
565,OUT017,4514.935718819723
783,OUT010,657.4760654464972
906,OUT017,2437.7918331518194
737,OUT045,3160.0642406623365
1083,OUT049,1717.6411171656528
1186,OUT035,3086.169777600692
29,OUT017,1420.1628178323954
1051,OUT019,259.09895127220204
291,OUT045,1782.2077994460585
645,OUT019,343.9637132101693
1430,OUT010,591.8202212782518
633,OUT046,2800.0430789865295
1415,OUT049,2120.6840497413878
986,OUT045,1475.6728721043046
1255,OUT046,3101.5207632908714
764,OUT013,4085.38428940058
1403,OUT045,2097.085574890598
1074,OUT019,564.2802127333299
745,OUT017,2147.132447553529
560,OUT046,2536.987248466338
686,OUT049,1386.1359623636454
651,OUT045,1747.7139558382619
1251,OUT027,2877.1845330147657
1267,OUT018,1631.8770518985334
299,OUT046,2156.7147582183675
1371,OUT035,863.1975268108813
494,OUT027,2689.7133697409968
958,OUT019,349.28396467501307
1490,OUT046,2749.5891824364176
941,OUT035,3099.3288131588533
953,OUT049,908.9112393791618
927,OUT045,2921.421336900945
725,OUT045,1429.6640071538427
1502,OUT010,437.53052986622896
1477,OUT049,3136.752105489438
1427,OUT018,2675.591220997928
973,OUT045,950.0696795140807
927,OUT018,2587.2416148053103
322,OUT046,1834.008997287839
1373,OUT019,377.8109604097119
420,OUT049,3852.5844213756136
68,OUT035,872.6906052503432
704,OUT019,550.0686116812603
286,OUT027,4938.384124961188
241,OUT046,1725.1450667379095
458,OUT027,1058.8011648118197
1042,OUT046,1057.1446947395857
400,OUT035,2121.6278154850424
893,OUT013,2344.223281798372
1388,OUT018,3815.8970637664133
26,OUT035,4052.505860813364
30,OUT049,1339.390033007111
1385,OUT045,3664.0167732845985
754,OUT013,991.2982897102889
674,OUT018,1332.3738261593753
1262,OUT046,2569.6076644653936
346,OUT010,561.3875430555955
510,OUT013,1917.044439118023
807,OUT018,2649.755515455206
637,OUT027,5543.3273040574695
700,OUT010,341.9035195614463
645,OUT013,1496.112875551231
822,OUT045,3143.0174680049704
1206,OUT018,2564.123080254069
819,OUT045,1937.2638417994167
1074,OUT049,2615.0745823644334
726,OUT049,766.0065981611629
529,OUT018,1415.277932126183
883,OUT018,2893.02047838236
1003,OUT013,1895.3575737853737
1018,OUT035,2861.2848020153506
658,OUT046,3488.492840979058
1404,OUT027,5000.397753106878
667,OUT018,2159.088870833086
1190,OUT010,490.3370330353769
1069,OUT010,369.2926369097462
286,OUT046,2992.129521818879
1035,OUT017,2096.6860717219397
78,OUT045,2755.5825759817944
661,OUT035,1660.8559667515708
384,OUT027,1645.6821219840162
1004,OUT035,1463.3624144699318
232,OUT049,3820.236541626272
1026,OUT049,1700.3159278476492
817,OUT013,2436.5706923796242
1267,OUT017,1909.784963272074
463,OUT049,967.8489002132196
632,OUT018,2155.7949976091368
1447,OUT027,4761.2824659400885
1427,OUT019,556.9851230116502
636,OUT017,1477.6424776020121
1377,OUT017,746.0509124323694
544,OUT013,4188.819271832806
773,OUT017,1682.9436365411943
793,OUT049,4200.399982082983
787,OUT018,1430.3027746252678
1002,OUT013,2689.0902933903326
448,OUT010,252.28835862083486
1040,OUT019,248.28204148216298
631,OUT045,948.4361651097838
863,OUT046,3064.1962581323905
1049,OUT049,3119.945758664754
997,OUT019,329.7590951229697
782,OUT010,831.297079850794
1118,OUT045,3499.7434830941547
1486,OUT018,1371.0132914914066
1212,OUT027,2544.3417276175387
205,OUT049,4020.189618758711
334,OUT017,3725.618427177066
814,OUT017,1982.4659567473159
182,OUT049,3765.1769851129584
1229,OUT045,2719.0338805229376
1291,OUT045,3410.258051829438
1512,OUT046,1555.1436753747307
1271,OUT018,2390.4071308898447
1202,OUT046,3839.5121046077543
1288,OUT045,2796.743100590498
650,OUT013,1407.7332524027079
584,OUT010,538.5593318381912
196,OUT027,3440.304682861475
952,OUT035,1996.5412130949721
1490,OUT027,4066.46922294418
1138,OUT049,3299.9091809048605
560,OUT013,2589.3860546106444
0,OUT046,2178.792607271249
722,OUT010,576.1785586805955
351,OUT013,1414.9927128519266
1338,OUT045,3379.506675705703
1022,OUT035,806.656918099606
225,OUT018,2991.551162857945
253,OUT010,358.6380325532666
291,OUT046,1931.3004662017615
872,OUT027,3131.6689360958085
80,OUT045,3341.0544343100637
412,OUT018,3340.0525450430787
978,OUT017,3971.9652959954537
294,OUT019,288.870694531813
1445,OUT017,1786.4795423318133
873,OUT049,2738.0008444034743
1155,OUT045,2394.5542938381404
272,OUT019,377.4216018892041
788,OUT035,3758.2447882731176
588,OUT045,2307.220879052169
637,OUT019,602.9140554068463
185,OUT045,1854.1672001756192
1236,OUT018,715.657958807469
920,OUT046,747.4695525690881
10,OUT049,2066.4637218710986
833,OUT027,5357.180975667099
776,OUT027,6486.284550272188
341,OUT035,2766.115103950202
69,OUT027,1778.4234248107102
925,OUT019,586.3685916395799
283,OUT035,3071.5836180395745
852,OUT045,1374.478676088945
1121,OUT017,3320.9149756288493
824,OUT035,1621.5346145318595
185,OUT017,1957.9949412253325
965,OUT019,640.032187272669
368,OUT017,3168.5116268573984
830,OUT045,1856.3881474412442
1187,OUT049,3864.587667502252
1070,OUT017,2074.567345921758
574,OUT017,3806.078924743984
690,OUT049,2593.2307645398596
622,OUT019,581.6155703993455
765,OUT049,1412.1811283792704
227,OUT019,323.6970986630088
1457,OUT049,3812.100911533551
743,OUT027,6483.815581852988
1143,OUT018,2438.2183855229255
735,OUT010,590.233124110283
666,OUT046,3454.6280491201815
380,OUT049,4233.569517263801
884,OUT017,966.8319629573602
1400,OUT013,1758.3900685836606
572,OUT019,519.2478466763616
39,OUT027,3884.3658292157616
453,OUT018,2580.9659476179622
774,OUT018,1425.4036816130495
99,OUT027,2955.9639260707318
1496,OUT019,453.6987731476816
341,OUT049,2771.058242792594
470,OUT049,3221.6941754268437
1340,OUT045,2630.5412292404235
962,OUT049,943.4665911351744
19,OUT018,2986.23490285111
1064,OUT013,2643.1166250373494
746,OUT049,3321.0579471361907
433,OUT013,3749.739271740914
827,OUT027,3986.8879989049324
1439,OUT045,2340.2703090765517
376,OUT049,1750.8205822065115
108,OUT013,3340.0231388777847
74,OUT045,1353.7200090967574
964,OUT013,2742.825007132813
304,OUT018,1419.7860498019643
762,OUT018,1705.7178885405938
647,OUT027,2691.5399078269343
721,OUT010,323.25102322355565
1093,OUT010,344.13972627885255
1185,OUT045,1017.3284973934706
197,OUT010,606.8767934439556
642,OUT035,2223.0527614787834
1342,OUT017,3097.226803493241
1076,OUT019,388.04026497365084
1156,OUT027,3960.6666128505067
1519,OUT027,2724.3408535610297
1139,OUT017,1548.3053028725053
125,OUT045,3085.8357709065394
174,OUT045,3485.3267711867156
849,OUT046,764.8031096979944
1250,OUT046,3097.277800151862
396,OUT017,2581.8368313944793
559,OUT013,4119.522845848796
1055,OUT045,1390.39275842133
665,OUT045,2553.0687825168056
745,OUT027,3364.661272232923
491,OUT045,3089.8116712543733
142,OUT013,781.8978362604944
188,OUT017,2129.6909012403476
196,OUT013,2194.8025628516953
1428,OUT027,2978.095916688218
811,OUT018,2323.822843863536
501,OUT027,3043.5630412659793
1249,OUT027,3094.4934016698126
1222,OUT018,2464.6136518219764
1169,OUT049,1926.4869984031207
1329,OUT017,2153.980748140242
80,OUT027,5806.346308910754
799,OUT013,2201.376649388805
1080,OUT035,1477.3520840051735
989,OUT046,798.5814991942491
843,OUT010,518.5035839810491
811,OUT010,522.9881771164014
898,OUT046,1904.8195872214262
1088,OUT018,3059.669399777747
1126,OUT018,3421.917933255839
1439,OUT013,2460.541399144503
1103,OUT010,468.0543181916269
1414,OUT049,1563.634343399849
668,OUT049,914.6103055412711
1384,OUT027,1032.347368425101
821,OUT019,384.7714706636182
283,OUT010,582.5692447157518
894,OUT010,323.1505746151572
984,OUT045,2012.744086608493
502,OUT013,2531.312097805109
64,OUT049,2890.6265517701204
1142,OUT013,2330.5026360330676
1444,OUT018,684.989567066888
235,OUT045,2937.8756121037122
200,OUT049,1541.608190697005
1437,OUT035,1029.6473448693548
513,OUT017,2235.4985611915336
414,OUT046,1784.3836466581895
1276,OUT017,1430.0686405863016
628,OUT049,1212.0992948740543
1087,OUT018,1370.8142160506984
215,OUT010,351.0982027607938
130,OUT013,2163.9896808786007
382,OUT019,618.4341648117315
439,OUT045,1392.5547457260175
1463,OUT018,3132.1077984308686
69,OUT018,842.1902371802123
96,OUT013,2401.837325137391
93,OUT027,4920.897035894538
1180,OUT035,3303.3433563545914
796,OUT045,1765.4725404873193
1240,OUT045,2446.6327522003576
374,OUT045,2033.3898858830707
150,OUT049,2741.5426346834165
411,OUT046,1054.7003282845076
338,OUT019,569.8320620985643
1471,OUT027,2038.2386671695485
1043,OUT035,4241.221747907408
144,OUT018,1744.608658811677
1387,OUT035,3017.0543077323077
829,OUT049,2965.4843778886016
1292,OUT046,3756.555634074317
135,OUT013,829.8681202879991
1158,OUT019,371.37072908646974
1041,OUT027,4789.827441710946
1268,OUT027,4619.68020954041
1116,OUT049,3056.4318553661874
1122,OUT017,3402.842977435156
24,OUT013,3700.724201876191
297,OUT046,3487.1208151455994
1095,OUT013,761.6183562800256
527,OUT017,1728.787444410476
1059,OUT035,2861.244892108159
1096,OUT046,1731.947774855203
453,OUT046,2753.845713524005
1483,OUT027,3197.479078374786
683,OUT017,734.755410723385
583,OUT018,3138.0874444949604
474,OUT013,3672.4947459605273
744,OUT018,1825.8744917819822
983,OUT010,245.19067185325673
1445,OUT045,1687.494913560883
1174,OUT013,1938.7134827237248
740,OUT018,648.0878336684505
1412,OUT049,2008.4022107125343
568,OUT013,2849.081015844248
253,OUT049,1722.660548026824
530,OUT027,6094.668039251914
1493,OUT035,2110.961566571413
1338,OUT019,565.7768788931744
1016,OUT018,2568.5845547359104
869,OUT045,2959.2021469084093
270,OUT046,2114.3670995936573
969,OUT013,3253.4693902589756
1149,OUT045,3375.0529177897015
1539,OUT010,267.05351822776845
1376,OUT027,6036.701823680023
296,OUT035,1369.3869929258974
1415,OUT045,2033.3280583747792
1537,OUT049,2313.465562428608
1013,OUT019,460.23228144846286
792,OUT046,1721.4382579877615
813,OUT045,3978.8478991224642
244,OUT045,745.2630706354944
1173,OUT035,2983.6663045339137
797,OUT045,2475.292094746182
1037,OUT046,3299.488960937998
510,OUT035,1923.7381663229887
6,OUT049,1713.3816216565697
574,OUT019,626.7651584640753
1209,OUT027,1716.8208297461024
210,OUT046,3073.1518747013406
946,OUT035,746.2386258400172
1037,OUT017,3726.1027253580046
1407,OUT027,3231.214008170734
274,OUT017,3058.105872456085
776,OUT018,3074.192637247021
985,OUT017,2820.175001137887
1535,OUT035,3637.1290567226843
1294,OUT035,867.8320055939074
1072,OUT045,1643.3493620601912
1503,OUT017,2484.2109538626237
1304,OUT013,2460.282471469161
1060,OUT010,354.73734003883845
191,OUT017,2971.9989838894917
1469,OUT045,746.9505706354944
551,OUT049,1533.4401295326616
1457,OUT010,631.9652622238409
1216,OUT019,369.5598312593213
1089,OUT035,2442.3940664857246
288,OUT018,3641.5593506535442
1099,OUT013,2853.7886264463887
76,OUT045,1148.9010275920418
910,OUT013,1657.8731745304035
1000,OUT027,4989.468989476558
1322,OUT013,2843.9159369434865
459,OUT045,1638.3441524311374
1440,OUT049,1769.2820363570981
462,OUT049,3302.5868776303823
40,OUT010,454.8394439240488
1039,OUT027,2382.6158725523014
1353,OUT049,2109.99836277997
654,OUT018,2975.0320943683546
812,OUT049,827.4578724852647
778,OUT017,3727.369518397226
903,OUT049,1813.2734003300423
1353,OUT045,2043.440290613539
300,OUT035,1983.8994870896297
1186,OUT045,3147.3957238736066
1010,OUT046,2330.712881794828
110,OUT017,4017.448626406716
1382,OUT017,2205.0652379310595
666,OUT035,3815.060371905178
1318,OUT027,3152.6408256551613
544,OUT035,4192.0972646075725
953,OUT017,951.2160418187682
1292,OUT027,6232.506667305035
736,OUT018,2886.6692837195296
1002,OUT046,2678.029383585972
60,OUT035,962.095034353039
992,OUT049,2114.644675692157
1188,OUT049,2931.3337605212146
1450,OUT013,2200.5352279365616
1555,OUT049,2127.2100406443105
119,OUT013,2213.8116610654797
471,OUT018,1156.0262308022993
1211,OUT045,3837.934313862139
10,OUT013,2077.746814857611
1513,OUT017,3130.124058829459
839,OUT049,1455.229574769981
1241,OUT018,3046.33215445078
759,OUT035,2101.1288131727742
1122,OUT027,4861.065468394307
913,OUT045,2198.241742753802
1326,OUT049,1728.2260603902532
556,OUT018,2477.139467652143
464,OUT049,1330.845355272736
88,OUT018,3234.791973331
186,OUT046,2702.6809903145913
932,OUT010,252.69304459495595
340,OUT019,532.3318310513616
484,OUT017,2866.611489453863
210,OUT018,2794.5056065606004
1025,OUT017,2889.681979671135
732,OUT046,2220.283101078432
298,OUT027,3870.4744625993253
535,OUT027,1452.1342382823632
1249,OUT013,1905.2105327202573
138,OUT035,1367.369606527361
7,OUT045,776.38504939526
836,OUT018,2635.1015955741777
1310,OUT010,679.3599901680791
706,OUT046,1482.4549924548176
1308,OUT018,2783.5411009005156
791,OUT035,770.2120328456997
1167,OUT045,1859.4191046867386
873,OUT017,2712.0099924517917
409,OUT018,3489.1137006569434
812,OUT018,711.3814085145002
194,OUT017,3873.8362055723574
728,OUT049,1933.924685166006
318,OUT018,1318.2265392803192
680,OUT017,3616.140328971329
874,OUT013,823.2458668700303
1273,OUT018,2591.7613787693053
737,OUT010,662.347508478626
272,OUT045,1611.0519916798903
1404,OUT017,3171.360368202494
584,OUT018,2492.153185068581
153,OUT019,343.4940019064584
184,OUT045,1499.992542873555
251,OUT017,3281.2485211548437
330,OUT049,2697.159010450734
292,OUT046,3532.6157386076275
1268,OUT049,3056.4933794359895
564,OUT046,2316.32503227316
10,OUT046,2048.6030454916117
1447,OUT049,3050.964673841271
1140,OUT049,1664.4685724796223
360,OUT049,1481.2958589496684
1240,OUT046,2483.891013502499
284,OUT049,2707.2301054536083
730,OUT017,2679.63519055134
500,OUT017,4059.010752997167
730,OUT045,2572.503896126483
1122,OUT013,2957.7207240646812
1366,OUT010,261.0909632961278
380,OUT035,4593.01076452061
1003,OUT010,364.32747370583064
1355,OUT018,1663.3922004984888
13,OUT019,587.8192050949347
12,OUT035,1446.436034225244
1015,OUT035,2448.1135507990452
990,OUT035,3206.6058575714733
1444,OUT046,721.7049956843225
219,OUT018,826.9346829809936
344,OUT013,1411.0436772073954
66,OUT010,307.54494990290675
190,OUT045,3486.4016805018255
1008,OUT046,1904.2924876120512
638,OUT013,2180.6093329109617
643,OUT027,2727.2649898475165
851,OUT045,2929.057208810622
633,OUT045,2781.7263702586024
811,OUT049,2406.713509200501
70,OUT018,747.8757606683403
622,OUT027,4256.83877698329
607,OUT019,530.677381588471
1474,OUT018,629.7474711196223
120,OUT046,918.1028287346305
1151,OUT013,2625.7531998868426
110,OUT010,602.3585422531378
1006,OUT018,1820.5445849798105
1176,OUT045,826.762132739171
1417,OUT018,1812.2276353257246
1404,OUT018,2679.720983428657
790,OUT027,3194.891095417948
1127,OUT035,4460.269829429408
1370,OUT027,6155.497491659158
404,OUT049,2796.0856327617585
57,OUT017,773.6370330378381
1178,OUT018,3629.940968201404
773,OUT035,1693.5096764216787
1016,OUT017,2789.043463901056
1286,OUT019,568.1915286512987
97,OUT017,3593.8208738351846
872,OUT049,1958.2059469816909
621,OUT027,5313.035033281019
768,OUT045,2003.713258987928
980,OUT035,1411.7758467859842
437,OUT013,1794.594259230203
34,OUT010,621.238495204033
1385,OUT027,6340.04118705759
836,OUT045,2691.030280429426
1523,OUT035,2157.7931369479666
697,OUT013,4545.2971674140845
1398,OUT049,2308.2011693207774
1045,OUT019,471.00031733713473
392,OUT017,1019.1796802425165
1311,OUT049,2896.885942807882
146,OUT035,2458.350722103962
117,OUT010,267.1801023940618
839,OUT018,1296.3935314678192
1115,OUT049,1396.1079273945415
885,OUT049,780.2779894756848
1086,OUT017,820.9123097411241
986,OUT035,1562.2347709660423
160,OUT027,5077.162244288772
467,OUT027,3089.482686928632
1096,OUT018,1424.521096188683
497,OUT027,4622.696940662641
967,OUT018,2791.6468499211633
378,OUT027,2771.826635355329
1001,OUT019,601.6402516959088
332,OUT019,454.66318965158786
572,OUT049,2640.377230049565
411,OUT045,1037.157596434
277,OUT045,1634.3797365186188
602,OUT013,1462.6186738910746
746,OUT013,3191.56964980229
1080,OUT045,1423.250493970249
1118,OUT017,3872.454437922095
817,OUT027,3644.670872253554
959,OUT046,1796.2974908102133
317,OUT049,1356.1452820305485
1400,OUT018,1505.8992418049284
189,OUT018,653.012028004388
1253,OUT035,1811.8475811639883
347,OUT045,2452.7111693796287
1554,OUT019,375.0568944037684
231,OUT017,3271.9013381491213
163,OUT027,2637.2805084128718
289,OUT013,2199.7942304583726
595,OUT013,1481.9665132465434
1427,OUT049,3175.673092693025
532,OUT017,720.526406817135
829,OUT035,2860.584634522832
1317,OUT010,283.87657456203056
556,OUT046,2654.520874136535
1468,OUT046,1965.2974727059736
271,OUT046,2405.2817480255007
1273,OUT017,3080.7327523189097
855,OUT010,639.6234365103619
1394,OUT049,1979.640106825415
380,OUT027,5275.945786914699
1135,OUT049,1565.497676585729
316,OUT027,2745.838020877024
1140,OUT013,1671.171636444466
1299,OUT013,2711.363737183141
1013,OUT018,2250.815004415878
486,OUT046,834.0651417723741
1400,OUT046,1741.8866506149106
296,OUT027,2286.4759757912916
490,OUT013,3772.167729762631
1396,OUT049,2152.5714214508635
421,OUT018,1643.507545062596
8,OUT010,275.09895615382743
201,OUT027,5569.766533238375
1266,OUT027,3658.3135154234988
362,OUT046,2559.9674156503693
841,OUT027,4815.161977271166
469,OUT049,1849.5216534296133
1403,OUT010,400.7327788332469
365,OUT013,2388.2857409689614
525,OUT010,383.6544065606498
629,OUT035,4126.762403518484
237,OUT027,4831.902861644863
1529,OUT046,1975.048798231665
1399,OUT027,2560.4915742458047
1503,OUT010,486.37173152170504
818,OUT017,1396.7473316914165
459,OUT010,347.1732040620557
435,OUT013,826.6835499754991
1294,OUT045,821.2603016844835
245,OUT035,2388.822248909991
23,OUT027,1220.8648012908095
940,OUT027,3611.610934918548
843,OUT027,4112.256319022505
948,OUT017,1427.5427006448954
1044,OUT027,2027.0247079879337
1209,OUT035,1013.9649871993531
214,OUT013,1416.7959965433329
115,OUT018,1397.9599999972768
5,OUT046,2404.3461813052363
535,OUT046,953.9932329808776
811,OUT035,2416.1384812318906
745,OUT035,2134.617464517164
1031,OUT027,4161.628260495532
1477,OUT045,2873.59186266201
695,OUT010,592.9489675162213
913,OUT018,1908.8978272745628
659,OUT049,1932.4774805761622
1035,OUT049,2095.3876460778356
1189,OUT049,3663.4801080458606
63,OUT013,2621.1042586095714
306,OUT019,339.7393937521615
1379,OUT027,4815.959817041225
1396,OUT013,2196.230992417193
367,OUT027,4899.15463875616
330,OUT017,2711.904574712844
791,OUT017,725.9923491999475
868,OUT013,3066.543686356557
1095,OUT027,1052.3047658860385
525,OUT046,2073.9546352488214
1322,OUT035,3045.203584048059
322,OUT013,1759.1714884550645
1304,OUT045,2487.9470494216002
74,OUT049,1314.7549011711735
1200,OUT045,2735.422371906933
1489,OUT017,4264.9010464738185
1241,OUT045,3520.650290344617
603,OUT017,1427.9189823831766
1238,OUT017,3328.080032899716
831,OUT035,999.6819212853704
1419,OUT049,1332.7400696282048
1290,OUT027,3168.8150254129355
546,OUT017,1671.9247492374348
773,OUT013,1672.3111902521318
1034,OUT035,2795.41735714852
297,OUT035,3787.5700889664613
36,OUT027,5669.946259742714
574,OUT046,3830.5217335252205
146,OUT017,2439.3085982160446
649,OUT049,1734.1907820699407
354,OUT035,2282.6340615083927
636,OUT045,1419.795659985874
1458,OUT027,3061.4197569025355
796,OUT027,2653.2736724753718
966,OUT027,3055.1150943334715
1001,OUT049,3868.619788887805
1436,OUT035,1755.7764099461795
394,OUT045,2945.318568887681
523,OUT013,3146.941034600238
762,OUT045,1832.5501954764995
528,OUT045,3020.5437035460486
1292,OUT017,3775.467177568506
1555,OUT046,2131.4466318958266
564,OUT019,452.8920104523691
1010,OUT013,2364.4893078991518
262,OUT046,1321.4929469015433
1471,OUT017,1217.8322050303043
1410,OUT017,1940.458703224393
227,OUT035,1406.6825861876162
395,OUT013,3182.487206890646
841,OUT035,2756.7392943866253
1491,OUT018,2908.1068351873164
1145,OUT027,6215.498187124
877,OUT046,2136.4795852180046
1553,OUT027,3128.8000886115224
218,OUT010,523.6631603970648
740,OUT013,738.0757537409631
747,OUT046,837.0212880126085
889,OUT018,3511.9941283125745
861,OUT046,3091.548102245476
91,OUT046,2524.847558376322
1006,OUT027,3174.3373863597617
335,OUT035,1015.3187469649781
1493,OUT049,2097.6118713960595
108,OUT018,3093.711768658841
575,OUT046,1387.7912968363016
824,OUT046,1583.1852986560416
704,OUT027,5640.2289217612615
570,OUT049,4201.576150174978
199,OUT045,1676.8410960563915
941,OUT027,4711.202915976034
525,OUT045,1997.31665249989
252,OUT027,2932.6905564199897
1452,OUT045,2892.82297946385
736,OUT010,646.7562564345018
198,OUT027,4892.971235998454
1061,OUT013,2583.647081964261
1082,OUT049,2183.839262434859
1355,OUT019,383.2143345893153
263,OUT018,1145.845749845268
325,OUT027,2696.1003326316218
415,OUT013,2553.305793330969
384,OUT035,991.5815489709173
882,OUT027,2288.686058799104
914,OUT019,525.6792781906202
164,OUT017,3946.3274224002917
636,OUT049,1404.5043095316141
608,OUT046,2142.101962470514
1258,OUT049,2599.170477618047
1196,OUT049,2255.939701602777
722,OUT046,3001.852978593426
819,OUT046,2095.5699456752727
158,OUT018,1832.9762407680796
589,OUT046,2395.8427400404244
623,OUT018,2832.6802115966084
1375,OUT017,754.1177459284631
111,OUT010,260.7363185207372
1306,OUT027,6829.5787756093905
417,OUT049,725.7345672175256
88,OUT045,3458.7976525305057
559,OUT035,4001.369700599762
1294,OUT019,276.4489241103704
697,OUT019,633.4461277023565
558,OUT046,2036.5589629219555
951,OUT027,1311.6580162808232
301,OUT018,1431.7109765597768
157,OUT049,3690.8079665420128
588,OUT027,3879.6892535386246
1392,OUT049,777.2950197920222
289,OUT045,2073.880999524353
176,OUT045,1379.00457482758
606,OUT045,1311.4443754515144
1029,OUT045,1675.0292110248874
351,OUT046,1472.759604066856
1378,OUT010,515.3244445344003
1359,OUT045,3643.883900294722
867,OUT045,1293.5696806272956
1267,OUT035,1913.648976943949
884,OUT027,1761.266752597665
1073,OUT035,1379.58828687121
596,OUT035,2497.3946372153014
905,OUT018,1286.899329807663
261,OUT046,3182.068996459306
959,OUT035,1841.3606502600292
565,OUT035,4459.088976655896
1327,OUT045,3088.644035722761
1220,OUT046,969.7174304866571
360,OUT027,2562.596676784867
693,OUT013,931.2327349340026
566,OUT018,1205.1824100257663
742,OUT049,4034.503352074541
1301,OUT018,1393.7068261691518
1442,OUT013,2631.944414370848
1256,OUT046,1486.7491819079426
67,OUT035,1706.8572772344025
379,OUT045,734.3200164362756
1349,OUT045,803.7683278075303
640,OUT027,1719.4582148497727
870,OUT013,1034.2118028938826
98,OUT017,2963.4206053008465
958,OUT010,340.00163130098963
1018,OUT046,2783.2604807517896
1326,OUT017,1724.204270839472
1110,OUT046,2558.701162581934
900,OUT035,757.306576302731
672,OUT017,3136.655504225247
173,OUT045,1984.7983146958052
156,OUT046,4052.264733689114
604,OUT046,2746.5285104888662
537,OUT045,1989.115034102222
1134,OUT013,3675.3295552283926
1556,OUT045,3986.0096817207623
314,OUT027,4593.354447625873
303,OUT017,3191.4848483004926
908,OUT013,3435.4510816040574
1408,OUT013,3074.289837085884
929,OUT013,3129.773877800316
1481,OUT027,2744.6074724704945
1428,OUT010,371.3659868894244
392,OUT018,905.9307924443269
1277,OUT013,1415.8488529886454
446,OUT017,2221.9465149752737
5,OUT027,3763.763165572275
183,OUT018,1260.4869342526827
212,OUT045,1499.5525404321488
492,OUT017,3193.4803792375424
1266,OUT010,481.09907221994723
444,OUT013,2108.571701305556
1395,OUT018,2252.9508460127236
929,OUT027,4995.826138139385
202,OUT018,1278.2946735104952
1450,OUT027,3187.152977013946
527,OUT013,1729.302581129226
710,OUT045,1980.4924642613487
973,OUT013,946.9603045140807
374,OUT017,2131.7098678602742
1172,OUT013,2286.4251207123557
101,OUT018,628.7210734145442
935,OUT027,2251.776879111604
979,OUT018,642.6240580336848
955,OUT013,1663.8138369944159
502,OUT019,531.2270947232366
866,OUT018,3489.308922332896
313,OUT035,769.2690091640591
1208,OUT017,3626.374603041769
920,OUT049,726.9024749323694
1009,OUT049,2943.713264400856
401,OUT035,2447.78632120469
1500,OUT045,3665.406842818559
56,OUT046,3182.4281128371367
74,OUT035,1366.1919975388596
662,OUT035,2116.561547811005
606,OUT018,1170.7422952554243
1492,OUT049,3436.8101313948528
1279,OUT013,3766.803684312792
577,OUT035,2026.5818951249473
1170,OUT019,525.3275738492132
1450,OUT046,2152.9810268395577
382,OUT013,3911.9768273389027
617,OUT045,1640.5625362202
1069,OUT045,1775.2852846279443
373,OUT045,2006.0962501095537
1196,OUT017,2256.0349674562403
776,OUT017,3816.7068862254173
768,OUT027,2918.7209955338435
529,OUT017,1790.7570169290161
255,OUT049,1507.5954343493488
86,OUT027,2202.7096314269797
1528,OUT017,1004.9842421915357
361,OUT017,720.0585113093225
764,OUT018,3036.937367497593
92,OUT018,3011.047099140146
915,OUT017,1835.496201769457
1172,OUT046,2155.9783068888696
1130,OUT049,2423.819497914649
1180,OUT018,2793.5238712502696
560,OUT035,2642.4179585100674
791,OUT013,739.7859588190881
1289,OUT018,2257.831574670875
428,OUT049,2493.2066802353493
46,OUT013,3170.211446474228
71,OUT049,1151.6785943273258
1471,OUT035,1379.7291646328297
192,OUT019,626.2282627121222
1237,OUT027,3182.5428389873546
848,OUT017,3218.6599743197567
19,OUT027,5530.3639141259955
525,OUT019,370.34759808897013
188,OUT010,350.93639574654185
770,OUT046,830.8470021239366
1494,OUT046,835.1941819888916
550,OUT017,1681.974370819466
457,OUT018,2258.785365523692
1017,OUT013,2433.5843701025024
51,OUT017,2414.370685654047
423,OUT027,2580.680172878617
833,OUT010,636.0919406906378
1263,OUT046,1646.7409998224443
51,OUT045,2393.9456036350894
912,OUT018,3331.331793893407
993,OUT045,812.1343127178723
22,OUT035,1690.3149265933541
1084,OUT046,3494.414887417004
1,OUT045,2504.183758125097
379,OUT049,745.7843719050256
1156,OUT013,2423.0059783887573
914,OUT018,2428.224369628859
255,OUT046,1504.4181272204426
1457,OUT045,3782.1145809076334
109,OUT018,1232.05393102186
1484,OUT017,1958.290009401153
137,OUT013,1868.4846720785013
57,OUT027,1198.009477800101
274,OUT027,4775.1801209433515
911,OUT046,2434.751677005622
1353,OUT018,1758.3066388832892
691,OUT019,376.12836293969224
1404,OUT045,2868.000596197988
271,OUT049,2423.5635054820164
786,OUT045,1298.1520170530769
1494,OUT027,1364.80252890945
1474,OUT027,1060.831011003226
294,OUT035,990.0978148400579
801,OUT049,1757.1267345502615
1224,OUT027,3380.1134321044156
29,OUT019,320.86781399504
1407,OUT019,380.8517973879344
635,OUT035,3045.5988240095344
475,OUT017,2985.2854681829685
794,OUT013,2735.981752112715
174,OUT010,744.0687473312628
80,OUT049,3752.591856254853
1182,OUT027,2498.270504909867
1557,OUT035,3331.234852534308
1398,OUT013,2515.8240031003825
3,OUT017,2597.533200855799
45,OUT046,4028.509491588904
1320,OUT049,2808.9797413762208
366,OUT018,2138.961729317776
221,OUT013,824.1275807372178
847,OUT013,4173.603037633814
832,OUT018,2230.649758002335
1516,OUT019,375.05778986794
1109,OUT035,3573.2081898026986
996,OUT017,1614.5195271716666
1166,OUT049,1320.195697069611
1169,OUT035,1881.8528431296832
1111,OUT045,3750.6387677192233
917,OUT010,605.435507585169
428,OUT013,2496.249073789515
553,OUT017,4523.324722404045
1485,OUT019,546.200394007744
875,OUT045,2656.6664965724885
1497,OUT046,2554.1505639771203
523,OUT018,2594.3265828098447
1152,OUT045,1387.7188082260175
932,OUT018,637.9996989028255
720,OUT017,1777.6814657039333
1531,OUT049,3579.5479822099283
1167,OUT017,1975.534504427858
514,OUT027,5181.222239698542
107,OUT018,651.7712443129817
308,OUT019,531.4077968040115
1402,OUT035,1751.362944740179
721,OUT013,1403.3357914652079
1400,OUT010,374.1187172320118
319,OUT046,2737.5970926329965
1346,OUT027,6161.727409059599
1229,OUT013,2759.0890325851706
1113,OUT013,2906.975472734271
163,OUT013,1744.6982110120384
934,OUT046,977.3523486995477
768,OUT013,1988.251274213485
309,OUT027,2948.755337465359
1198,OUT035,3594.0797960067093
723,OUT010,662.1196201339972
292,OUT027,4883.124422486742
131,OUT027,1043.1548635422885
917,OUT035,3636.2656350936536
248,OUT010,296.5972112554458
95,OUT035,1019.9605926681031
212,OUT046,1538.7259885485676
594,OUT046,2845.720547541171
1516,OUT035,1927.8846618279254
1251,OUT046,1687.2995861127615
245,OUT013,2407.736874322144
282,OUT019,259.11130326194814
1207,OUT049,1481.9579683246684
300,OUT013,2075.215721398991
427,OUT027,1305.0039635464482
592,OUT018,688.9533732192317
663,OUT027,2694.7694000144343
512,OUT027,1139.6006031681234
868,OUT010,565.8034976454393
1043,OUT017,4228.162247027611
28,OUT017,1956.3325877097075
824,OUT013,1605.0902669177603
766,OUT010,559.4507754774705
1283,OUT035,1009.4700377404486
779,OUT013,958.1494983577509
847,OUT035,4190.355897488913
713,OUT046,1875.1496465247997
741,OUT045,731.1163421198694
1126,OUT049,4202.923336234802
1490,OUT049,3080.1910361677074
833,OUT019,644.509726335169
340,OUT046,2661.9287378282343
1243,OUT049,3373.466987976807
1027,OUT045,1388.15789514008
1551,OUT035,835.1386499665141
1012,OUT045,2903.9677355908416
622,OUT035,2975.2216703215176
1018,OUT017,2962.2548069429668
895,OUT018,1627.3130593507221
153,OUT049,1553.421696915474
737,OUT017,3641.667066613231
211,OUT027,2924.8612418038083
931,OUT017,2999.020936612428
68,OUT017,813.1876589521785
1197,OUT046,3627.9746164774615
365,OUT027,3607.4777902703745
682,OUT010,380.9720597677865
783,OUT013,3906.5920180054754
1361,OUT045,2739.365185513976
327,OUT019,452.3313872834238
194,OUT035,4046.5161039386785
436,OUT045,2307.416375511785
1467,OUT017,769.0119109675256
992,OUT018,1807.8521526934692
314,OUT049,2903.2144964439535
715,OUT018,2657.0889844381045
439,OUT010,334.23710351762975
1124,OUT018,635.6898844497005
1244,OUT017,1419.0223759378641
991,OUT010,627.6116567252056
15,OUT049,2165.1847986210532
589,OUT045,2405.8249547423375
673,OUT019,580.446747157158
76,OUT027,2004.4828378707462
1503,OUT049,2460.9924882625605
850,OUT019,600.3867495985643
879,OUT018,2322.733260405131
968,OUT027,5837.323492180658
511,OUT035,3151.6886113852133
1550,OUT045,3677.442254795933
711,OUT049,1335.4986145500798
449,OUT018,1395.5714062224245
914,OUT017,2673.2697408198874
1272,OUT027,1280.591060714417
387,OUT046,3165.4622403089943
1526,OUT049,3839.076375642308
1455,OUT045,2490.3122546111044
573,OUT018,3480.0768409967577
1525,OUT010,569.3587520675733
1470,OUT017,950.2410051976744
195,OUT019,506.91281395722166
176,OUT027,2395.192166497614
588,OUT018,2358.9961540154864
225,OUT046,3296.676324413721
692,OUT035,3988.3466760211777
105,OUT019,542.644736100794
1127,OUT010,717.6973178879034
388,OUT046,3197.075212117509
925,OUT013,3097.4454460282286
195,OUT013,2541.1436430914787
797,OUT018,2240.055711005679
295,OUT045,3958.7272955076205
1457,OUT027,5776.536105222862
1421,OUT013,1032.5897020638045
863,OUT010,603.2373050184862
1403,OUT049,2203.4558961355997
768,OUT035,1956.8450437302547
948,OUT013,1406.7079838480204
1230,OUT018,3177.438932069028
537,OUT013,2064.5184800965535
1127,OUT049,4435.727885104974
772,OUT035,3641.383864126744
1371,OUT019,279.099093482929
171,OUT018,1753.3358025163852
1047,OUT018,2840.476663118118
1424,OUT027,5133.688491011069
159,OUT045,2980.3360346100712
1262,OUT035,2859.802385967075
1541,OUT017,817.9894271531398
797,OUT035,2461.8840729524754
1045,OUT017,2413.435249442782
802,OUT013,744.3566375300256
298,OUT018,2468.7616295557696
573,OUT045,4006.7196206285453
1041,OUT035,2861.354634864227
823,OUT035,1570.940202244417
831,OUT049,949.6656572972838
14,OUT010,572.3340457411424
342,OUT019,367.1807652533778
771,OUT049,1728.7466292379095
354,OUT046,2236.6742435446417
1410,OUT046,1886.2021724626743
1453,OUT018,2315.4930845438253
1105,OUT035,2068.6974966723947
1054,OUT035,2202.8722471424107
1443,OUT045,1026.114169920328
322,OUT018,1474.0779461234342
1500,OUT027,6142.432926703968
931,OUT010,610.3748782606737
40,OUT017,2374.4412251597823
87,OUT013,2814.276953882555
1538,OUT013,1768.5207685727814
26,OUT013,3804.5441938198346
1275,OUT045,2888.044144499523
1008,OUT035,1918.5150217917387
417,OUT035,756.7160306484341
1074,OUT018,2390.102848827746
1159,OUT013,3215.2777200912396
1441,OUT045,1000.0912512191561
746,OUT035,3305.139625105573
582,OUT045,1632.8687538929144
1035,OUT013,2094.442189358378
371,OUT046,1335.3123352532048
465,OUT027,3242.81885397682
228,OUT049,967.3430713557977
505,OUT027,2539.2269815237887
835,OUT013,810.932787036046
270,OUT018,1844.3748312300997
202,OUT027,2369.6571323179264
343,OUT049,970.8418201350946
1392,OUT035,802.8313843459774
1012,OUT035,3206.9032525173398
893,OUT019,393.7430695390805
1118,OUT049,3862.053897529334
949,OUT027,3661.3704295616135
339,OUT017,965.3378069554869
1348,OUT019,578.3401723502056
115,OUT046,1687.997893629226
152,OUT046,2107.0788173680457
153,OUT013,1557.0473072670366
1390,OUT046,2478.695077575403
1489,OUT035,4233.70302082759
1452,OUT010,615.5679934950487
1540,OUT049,2247.0392514981277
1211,OUT035,4322.028866625819
580,OUT035,1739.4373465956478
1342,OUT035,3080.012256411779
785,OUT045,2368.1949696168485
783,OUT017,3888.3668424748867
758,OUT046,843.9280568114366
553,OUT027,6376.067332823266
719,OUT045,2389.21031414385
1374,OUT019,377.37549311501033
1173,OUT018,2640.154495150307
1524,OUT049,3961.860484979259
1293,OUT027,1031.521684831351
355,OUT018,1651.2047306979625
851,OUT013,3237.9376398817844
990,OUT049,3171.6497707749795
434,OUT017,3914.72697613141
415,OUT045,2494.3840779748025
406,OUT049,728.4608550593225
257,OUT035,2604.3122428268452
742,OUT018,3439.512030147413
562,OUT010,635.8474965689556
1003,OUT035,1989.1012716887221
777,OUT027,1054.5714284836947
1134,OUT018,2803.8375799328023
223,OUT017,1725.5712752340032
1339,OUT027,5152.651671167685
36,OUT046,3705.934202666866
288,OUT027,5688.8850155941545
1403,OUT017,2205.533583864062
1341,OUT013,2189.438926848307
1490,OUT017,2866.2400037170796
182,OUT027,5014.738704990381
1213,OUT027,6677.54697404057
708,OUT045,3076.3519452444993
684,OUT045,1497.9885755883988
453,OUT035,3002.1239208923685
547,OUT045,3458.337635075922
701,OUT013,1507.0319979594783
1075,OUT045,1033.290195310953
1005,OUT027,3433.798417162042
1461,OUT010,421.7661192873485
575,OUT027,2557.323483425492
657,OUT049,1919.9177147369178
963,OUT045,3616.013699810096
514,OUT018,3351.2350539254558
120,OUT017,884.7469327385368
1418,OUT046,744.6260467097131
726,OUT010,255.58177475734306
576,OUT017,3121.0551935510703
1176,OUT035,881.110518948919
979,OUT035,796.758968880856
788,OUT046,3695.4916368732183
40,OUT045,2359.763701734575
31,OUT019,329.75529199419225
577,OUT018,1723.6598284226884
297,OUT010,582.2076650259869
847,OUT027,6750.214385833617
970,OUT045,1993.9865857447767
339,OUT019,292.7417628189899
1299,OUT035,2872.43826157023
539,OUT035,1721.1916558171376
1507,OUT046,2466.9695525412044
302,OUT035,3634.6665442352078
1501,OUT019,370.6921859956494
518,OUT046,2095.8613013563972
1525,OUT018,2451.6685295246043
613,OUT035,751.5240750820278
899,OUT035,2223.9464483131696
98,OUT045,2811.819781273669
741,OUT010,254.2387370388036
109,OUT010,314.4815987850791
373,OUT010,379.15871267113755
196,OUT045,2076.563463029468
647,OUT046,1662.2150324405598
128,OUT018,704.2256773133283
41,OUT013,2831.0928137996752
64,OUT035,2892.3379137852235
437,OUT027,2603.9022255719974
166,OUT019,358.40968610166544
1097,OUT018,1300.4026867412567
357,OUT046,1733.1737359143822
117,OUT046,788.3508391901819
1321,OUT046,2148.7753796142324
434,OUT010,603.6229177115338
847,OUT019,595.1720815298931
1368,OUT049,3178.7452756263365
1303,OUT018,636.3619120375911
939,OUT049,3919.059306748203
816,OUT045,2368.3747989920157
181,OUT035,2575.4358315162767
54,OUT027,1964.3846114843836
320,OUT018,2162.9252101506363
681,OUT046,1662.3694513858723
1139,OUT027,2555.2482217581637
959,OUT045,1722.642951672011
993,OUT013,776.3465624737316
517,OUT027,1664.48137735511
289,OUT019,372.8654356133842
946,OUT049,735.0260711237756
40,OUT027,3860.8001163698254
686,OUT010,332.2487954403525
250,OUT027,5039.56819798024
1129,OUT045,2445.1653910971568
927,OUT013,3200.946504715267
970,OUT017,2077.9581066367236
991,OUT019,568.1559072134869
1115,OUT027,2331.1791049741764
1429,OUT046,2592.9773394347076
589,OUT035,2478.5731989000465
495,OUT049,2394.191474524659
810,OUT049,1668.038523062493
84,OUT013,957.1200945531432
473,OUT013,3971.0811683330303
249,OUT049,1796.5766073054958
392,OUT035,1030.3890289474
873,OUT010,526.8042300673143
348,OUT045,2079.1503188359147
1442,OUT019,446.63955378733004
1473,OUT013,1568.456416820104
165,OUT013,3750.978544578284
177,OUT035,3186.4597644992014
183,OUT045,1402.6999483627362
1313,OUT018,2546.3988038787184
128,OUT027,1107.7349537308005
370,OUT027,5004.312531237747
786,OUT018,1168.5839004039608
1488,OUT017,3260.6864981110866
1539,OUT013,751.0112209594338
855,OUT046,3739.647809035035
577,OUT049,2112.1456868580976
382,OUT010,612.077353288294
1033,OUT046,2117.394182941014
311,OUT046,824.5705920147473
376,OUT046,1776.9973551542832
174,OUT046,3512.9650890366215
863,OUT045,3018.3438452963064
1415,OUT017,2124.814838055788
277,OUT027,2357.1800945942396
225,OUT045,3217.0860947114743
64,OUT013,2922.354732248612
1072,OUT046,1705.9379744527532
379,OUT027,1033.707964128226
1191,OUT017,2676.9134887842756
414,OUT049,1784.3315836699082
422,OUT019,585.84417015294
1316,OUT035,3071.689204370282
604,OUT019,613.4617007704393
1341,OUT035,2169.6440403623074
95,OUT049,968.0725330257196
902,OUT035,3924.7003987341004
26,OUT018,3808.5735298824397
1198,OUT013,3309.291877361703
1191,OUT018,2440.2009430119315
846,OUT027,3128.2285768409847
1448,OUT049,1313.6386291985173
1252,OUT018,1358.592047399662
1013,OUT049,2464.194868572406
1201,OUT013,3257.904557112797
76,OUT018,1011.9062080688936
192,OUT027,5739.344362829511
1203,OUT045,2911.0909453542
641,OUT045,2741.5529523023515
1195,OUT035,1232.206436307435
1404,OUT035,3246.8538104356203
535,OUT010,284.5510282973821
121,OUT013,2373.7512186638533
1362,OUT049,3859.2262708679928
1165,OUT017,718.14920955151
472,OUT013,3115.231618454389
48,OUT010,257.901670388413
626,OUT017,1785.4222303200945
746,OUT045,3013.7133946032027
343,OUT035,1090.9258343458723
320,OUT035,2444.5049764855135
625,OUT027,3243.348910814084
257,OUT027,3756.7540444910646
1351,OUT018,1818.624429675553
1311,OUT018,2454.1483164608994
1114,OUT018,1380.5124902316518
430,OUT045,3872.7939897603665
1041,OUT017,2819.992841773034
857,OUT013,3084.207932024917
652,OUT019,263.0076503078466
1314,OUT018,2775.1656204033916
1412,OUT027,2968.175506531968
818,OUT049,1411.2107914652079
361,OUT046,757.2294402644006
1479,OUT017,4218.579755795621
952,OUT046,1974.4149923918471
480,OUT017,3956.9801747829156
934,OUT017,972.5619739436884
1322,OUT027,4371.527387873121
56,OUT045,2974.081785700115
234,OUT017,3062.0755940868135
803,OUT017,3338.10968568465
770,OUT035,867.1324816681262
1102,OUT035,3019.462135773649
521,OUT010,638.4065158859503
1001,OUT018,3138.5101637253633
1093,OUT045,1619.83060262645
1537,OUT027,3316.801488581888
687,OUT010,515.6226012726815
40,OUT049,2353.3669558943475
713,OUT017,1971.4148703215346
1246,OUT010,333.9836288667432
1356,OUT017,947.0244524632994
967,OUT035,3228.8373028839733
926,OUT035,3760.2176874101438
1393,OUT018,853.266760461905
744,OUT017,2161.87845627956
1474,OUT049,709.9936614558069
659,OUT046,1939.5600611425684
419,OUT017,979.6717302953307
781,OUT046,2855.565912383001
67,OUT049,1687.3344371869803
960,OUT013,3984.192519871994
649,OUT045,1739.4173249788869
1433,OUT010,386.1559486773243
1513,OUT035,3120.8376428174597
1314,OUT013,4175.370677028338
725,OUT035,1509.5596035364235
965,OUT013,3926.3616929126993
1150,OUT027,1038.6054861008822
349,OUT017,3224.478970356932
1159,OUT017,3303.4635969401056
1298,OUT018,1356.4278017941933
550,OUT013,1689.5246027530598
586,OUT045,957.849968328454
570,OUT017,4158.639183410578
74,OUT010,308.57467739836034
816,OUT046,2390.228078114222
1214,OUT017,1518.3944455798176
695,OUT018,3414.501589937673
1328,OUT035,2161.9762013820236
622,OUT017,2806.1203334775437
1409,OUT027,2728.8491119284968
1486,OUT013,1517.4815703087638
278,OUT019,374.54857355934627
338,OUT013,3335.2497706227414
998,OUT045,2949.4545689960387
213,OUT046,2633.3396381610064
1357,OUT017,1414.3848637308329
1236,OUT035,854.7040759064074
494,OUT013,1683.842534881966
406,OUT013,721.6621795222131
959,OUT017,1799.9165093649008
368,OUT018,2798.649475474658
1058,OUT035,2092.2932489625673
918,OUT049,730.0722137019006
15,OUT017,2370.533120019989
372,OUT049,2376.2636991516692
1060,OUT035,1899.1018720183497
1165,OUT049,737.0184417292444
1037,OUT035,3728.4141677959046
1085,OUT027,1019.5834645932468
352,OUT018,1425.112648923058
158,OUT017,2125.4667721885635
444,OUT046,2077.9260829377354
1431,OUT013,1621.8223225818228
1126,OUT017,4215.76251266333
367,OUT013,3171.587462386692
876,OUT045,3490.1502940513087
860,OUT035,2411.792417312693
957,OUT010,361.05488741166505
273,OUT013,2096.3658083465034
830,OUT027,2942.229906666656
819,OUT035,2141.3786733174097
676,OUT049,3999.291363321755
1381,OUT013,2570.7552760173458
699,OUT027,4046.9735723187478
333,OUT018,2150.590617342068
167,OUT010,530.8087619276658
1128,OUT035,1281.4277367264344
170,OUT045,3147.093997070141
372,OUT013,2379.0211279494724
341,OUT045,2604.769423246702
79,OUT046,1892.7796091940825
819,OUT027,2878.0696283463435
592,OUT027,964.791948503226
9,OUT027,4997.257846712693
267,OUT046,3459.0360898738445
354,OUT045,2162.2473902694283
928,OUT045,2000.9494115800624
1557,OUT046,3216.030650587341
334,OUT018,3745.5185155486197
834,OUT035,2573.011833605379
1322,OUT019,545.1250308485643
1221,OUT046,1322.9881165032048
1352,OUT018,2170.3109901290536
393,OUT046,2156.4196826609823
1422,OUT035,1751.2453951239743
1086,OUT018,726.9930418152815
1536,OUT018,2778.2935720403366
1272,OUT035,878.8000842071887
497,OUT019,554.8781741591112
421,OUT046,1901.5040663824402
629,OUT010,632.6064687369244
1075,OUT010,291.0622736832477
1122,OUT035,3031.227650199322
1366,OUT035,780.9767118007778
560,OUT018,2303.582341016134
1271,OUT035,2654.1995999874134
77,OUT035,2991.651181775857
1388,OUT049,4160.897788387837
31,OUT018,1300.9842073778445
286,OUT017,3109.8480720133357
197,OUT046,3516.9792445543517
130,OUT035,2355.1995474671958
760,OUT018,722.0245969910627
1269,OUT017,3022.9333374361127
929,OUT017,3166.8821271202855
1451,OUT018,847.5385648169311
364,OUT035,2396.168916638978
630,OUT018,3366.706495116193
1162,OUT035,3864.2996612183983
362,OUT017,2520.7273940524983
942,OUT045,2847.7909948231754
647,OUT018,1382.5150707732057
1475,OUT018,2493.5203837340755
480,OUT049,3915.0569189377784
1133,OUT017,1717.0490978315115
844,OUT035,2472.4081395100548
1168,OUT013,4117.246667791286
1268,OUT045,2894.6938251986394
1531,OUT046,3574.825877705342
624,OUT045,2917.950122690914
502,OUT027,3708.6617162857374
1504,OUT049,2788.7143961295815
273,OUT027,3286.68859724056
558,OUT018,1813.9253797177003
1367,OUT017,3051.922847732367
229,OUT019,618.6279514328253
56,OUT027,5162.224517474624
1225,OUT049,837.5475636473741
232,OUT019,570.3023000357525
852,OUT046,1402.690568996104
1425,OUT019,256.78985886378837
1411,OUT045,2815.4323085582814
797,OUT019,465.3116118927988
699,OUT018,2349.1272752494524
571,OUT013,1336.050433397736
971,OUT018,2268.160482419913
1082,OUT046,2124.5635128740314
1026,OUT010,411.0363479829541
445,OUT013,2398.68491191863
1065,OUT049,3621.489883776227
577,OUT045,1980.3220166873389
590,OUT027,1164.7075977970296
1455,OUT046,2484.7486107749273
516,OUT018,2639.96005448262
1136,OUT049,1507.61722390013
955,OUT046,1670.888605060822
924,OUT049,956.1106189632196
1244,OUT018,1254.0339313229952
1101,OUT027,6635.019404216855
132,OUT017,1540.4279225014116
515,OUT045,1316.8861479124519
168,OUT013,3393.0905336447295
528,OUT019,624.6466678114549
816,OUT017,2459.6179148374686
1460,OUT019,573.5878909559862
426,OUT049,981.7962268733759
10,OUT027,3122.649495570379
1061,OUT035,2603.598024786638
811,OUT045,2460.81717319536
335,OUT010,297.9283320328571
822,OUT013,3536.6452398232395
306,OUT049,1518.7091428454426
676,OUT010,578.6462314621222
962,OUT046,949.3645098363463
956,OUT045,3195.0646161548957
969,OUT049,2978.815146777797
273,OUT010,357.0112963376666
1433,OUT027,2651.7200966657474
796,OUT017,1753.6806069117465
822,OUT046,3277.6803903061896
69,OUT010,296.71755732478175
406,OUT045,737.1415496394006
1360,OUT013,1730.9917464254095
839,OUT046,1458.1632295551371
1116,OUT035,3020.2425555965688
511,OUT013,3096.528375723684
120,OUT018,742.6557899652153
430,OUT010,617.6964023605597
1089,OUT017,2345.9531810712388
1128,OUT018,1176.811012220367
248,OUT013,946.5336382543151
1482,OUT018,3953.0740203513506
539,OUT046,1672.4459894718098
204,OUT019,322.2745980526572
598,OUT027,5891.897790110127
1067,OUT018,2177.227195516809
581,OUT046,3005.025334561198
1134,OUT049,3880.2151382245374
519,OUT035,2606.9072272073963
844,OUT045,2400.619235990239
405,OUT035,2762.3123837637913
885,OUT027,1048.6109182297885
546,OUT035,1690.5321099187001
327,OUT018,2200.4060043697737
1414,OUT017,1568.5055592201616
958,OUT046,1571.486446116979
1536,OUT049,2776.1409320177663
514,OUT035,3762.9382352889725
1267,OUT027,2944.5559268300276
748,OUT019,619.0334690109503
1126,OUT013,4183.090790744582
678,OUT018,2143.079126347555
1056,OUT035,1347.0792056904916
1548,OUT013,3000.3628607405135
590,OUT010,283.9279966811712
855,OUT018,3069.406687115332
536,OUT046,2433.5017721872723
50,OUT017,1337.3803894524235
769,OUT013,4077.711193618954
1014,OUT017,3127.271667492042
580,OUT045,1646.6457314319769
409,OUT013,4082.2027125034847
158,OUT035,2130.0949460166885
1104,OUT027,1788.3440231054774
1301,OUT049,1672.7564716513025
60,OUT013,831.4477101317491
1323,OUT049,743.8785796686975
510,OUT046,1903.1113352683012
321,OUT046,2479.0984545669207
770,OUT019,276.40371994777274
953,OUT045,920.1594011937682
367,OUT018,2981.446444664847
1152,OUT046,1398.1956547464579
635,OUT027,4970.864520098252
492,OUT049,3169.447015009023
872,OUT045,1886.1850296624464
300,OUT045,1878.8559867625727
1075,OUT046,969.3714221858759
678,OUT049,2301.932751447067
1456,OUT049,1615.3627888904166
1465,OUT017,3159.893180352092
1486,OUT045,1560.249987067626
73,OUT010,303.32650845304784
241,OUT027,2747.842260355329
922,OUT010,480.61672663889254
240,OUT035,3947.3748878602028
932,OUT017,721.4091887995569
896,OUT035,1083.447501826341
1164,OUT018,2973.2328673820607
1114,OUT046,1687.4568343160345
22,OUT046,1631.3012548769325
450,OUT019,346.371351759974
889,OUT035,3946.432446834673
798,OUT046,1423.4537724222391
739,OUT018,3022.6282782071003
316,OUT017,1689.091558319466
637,OUT045,3033.8884711230376
1228,OUT049,3234.2092044130786
1482,OUT010,615.531128845873
1393,OUT019,282.81528729408757
739,OUT049,3570.830615032439
1290,OUT017,2205.0414671942644
123,OUT046,2798.2328472136496
1420,OUT027,5976.532690598506
570,OUT013,4268.560236773943
820,OUT046,3169.042769992998
1264,OUT045,2181.6423167265784
1447,OUT017,2941.493527752773
829,OUT010,537.0549983420974
775,OUT013,3757.323812598517
625,OUT046,2032.3530339260255
788,OUT017,3932.5947251438183
576,OUT019,567.7342227430955
1530,OUT010,586.855194422783
728,OUT027,3116.8926039042626
1003,OUT045,1878.3021969768388
479,OUT019,286.4714025396255
599,OUT046,1933.4437268498696
149,OUT046,2085.3694224797164
155,OUT045,2410.327403660084
1054,OUT027,3220.999893582069
1424,OUT035,3645.486791959666
1445,OUT046,1727.9125054456322
1215,OUT018,1869.794209531835
676,OUT017,3840.7320485162463
700,OUT046,1227.047720167023
966,OUT013,2102.450412621127
187,OUT035,3968.361323781087
318,OUT010,348.01440290743494
97,OUT049,3578.1736061782235
1044,OUT035,1277.939333406122
883,OUT027,5063.916986231936
357,OUT027,2683.8564361472468
1100,OUT017,2231.0946889925312
1281,OUT046,2938.4989208673196
865,OUT017,1491.7004610004496
101,OUT035,801.0358853847622
1298,OUT017,1667.181057499301
325,OUT017,1616.3441731677603
253,OUT018,1421.005471188683
980,OUT018,1247.0765140296726
1297,OUT035,1035.196722310761
983,OUT046,732.2098174616663
1065,OUT027,5286.165994062583
969,OUT045,3049.526312481265
256,OUT010,646.1526418326275
1474,OUT035,759.123470833981
76,OUT035,1249.851442781122
1398,OUT035,2299.134641000465
908,OUT035,3664.083847804369
761,OUT046,920.1142117912711
814,OUT013,2005.1322580313276
1046,OUT019,368.79083539365763
471,OUT027,2294.445580283479
903,OUT027,2721.5686116973366
175,OUT045,759.0534148737756
259,OUT010,363.7841964936963
542,OUT027,4339.046739196927
141,OUT046,2095.813982547774
1353,OUT046,2096.7660629752827
1546,OUT018,2424.052875645025
125,OUT049,3349.5040215669255
831,OUT045,824.0613270751085
350,OUT049,774.0506960615535
943,OUT017,2800.3037166178165
825,OUT013,1941.223636009552
340,OUT010,554.5492230191351
593,OUT019,333.8152437764188
854,OUT013,2104.9901650888423
503,OUT019,332.7250490742704
348,OUT010,390.14491872582505
1039,OUT010,339.99487024126256
1024,OUT049,766.5075469538538
262,OUT045,1319.3236479124519
1535,OUT013,3483.7379833491573
1459,OUT027,2587.70752342356
1026,OUT027,2667.8983193219974
351,OUT017,1424.6937626566141
404,OUT027,4807.635517280487
1030,OUT027,1040.5601980149447
488,OUT017,1997.3761740324721
524,OUT049,974.2972644710321
677,OUT018,2487.492137510407
1193,OUT017,2986.995123049581
244,OUT035,790.7504849941372
187,OUT017,3939.5742458548416
1255,OUT010,632.342010829033
53,OUT049,2559.7249917578038
732,OUT013,2256.83195676
1331,OUT017,2911.84403188998
625,OUT045,1963.661279204438
1427,OUT027,4898.671240845755
1525,OUT013,2516.619370245362
648,OUT027,3667.3597768977256
1323,OUT035,771.7923551113247
923,OUT046,2188.614051470122
1394,OUT035,1792.1140859353327
1076,OUT018,2159.7874201375544
742,OUT019,653.3264072433722
563,OUT045,868.4254322997178
1234,OUT035,3127.7226297275433
1520,OUT049,3233.210859951065
1116,OUT046,2862.949826297499
15,OUT013,2371.826681630292
1491,OUT035,3203.1363414848865
1406,OUT018,2465.5995127817923
265,OUT013,2885.3873577689637
98,OUT019,569.7857058973924
1314,OUT045,3441.970269739084
329,OUT010,365.2743883786822
57,OUT013,781.9083953425256
1100,OUT049,2233.5186754578026
1434,OUT046,2910.7084845355157
331,OUT049,772.4141909346004
787,OUT046,1734.677336988601
889,OUT045,3682.4268388243427
1225,OUT010,272.39375595851493
879,OUT049,2388.2899703912967
242,OUT045,1952.8856724156772
1180,OUT049,3356.4812798418666
518,OUT035,2099.592879257703
1051,OUT035,797.8507352382778
1239,OUT027,2606.2325326574796
838,OUT046,2731.8096178503756
668,OUT035,914.1755824254815
338,OUT027,4974.725828171588
991,OUT013,3449.1052294718083
1093,OUT018,1413.941506344933
988,OUT046,1934.7538326736005
328,OUT027,3796.8745626476343
1519,OUT035,1789.2619129352122
206,OUT018,2258.981075791193
728,OUT046,1919.7970606542872
158,OUT027,3499.8316623877654
84,OUT045,963.6504290257994
463,OUT018,842.8011537724519
1255,OUT035,3452.594198916214
1416,OUT035,2700.380570665286
230,OUT013,2448.3387659811533
52,OUT017,1727.410548026824
103,OUT027,3546.113962078977
819,OUT017,2156.043291080624
946,OUT017,735.2457366511194
56,OUT018,2766.2644145673303
92,OUT046,3107.9404952475866
396,OUT035,2646.110063033818
1364,OUT018,1984.1513028486354
1010,OUT017,2371.9988468747856
1071,OUT018,1257.4328571042452
1392,OUT045,787.019505588966
161,OUT045,2960.200157357259
1270,OUT018,2698.329046767856
379,OUT035,793.3008389980434
463,OUT046,971.369255437829
1213,OUT019,602.6892934439556
1228,OUT045,2998.9887401036262
1393,OUT017,996.374138250329
161,OUT018,2706.3639449689335
1361,OUT035,2927.5950891298476
490,OUT027,6351.711733002363
426,OUT046,990.2546008968134
895,OUT046,1982.666295580018
8,OUT035,873.2437914593188
777,OUT035,795.7105069667934
545,OUT035,978.9271910607611
959,OUT049,1783.3611417012917
1038,OUT017,3150.4308739486637
871,OUT049,2225.2650209210306
1101,OUT018,2954.916016521272
797,OUT010,471.95579219065036
1364,OUT017,2097.0903091262026
886,OUT018,2017.846036673695
1243,OUT019,624.2662662001268
353,OUT018,850.1406007939363
1074,OUT027,4791.167761185563
1408,OUT045,2801.3797506244864
1456,OUT045,1604.9445601414661
1072,OUT017,1731.2717757222845
1001,OUT035,3924.5200581397294
846,OUT010,365.18989717729005
632,OUT010,483.11530757150973
1549,OUT046,1741.7443403501252
1515,OUT035,1938.4594296623436
1025,OUT018,2680.2450249011617
1539,OUT035,794.8392420075297
1052,OUT018,2845.507034706032
1092,OUT049,1397.9491337503641
1502,OUT027,3428.4817833356365
1291,OUT035,4131.970848155956
1081,OUT013,1787.6189744808237
672,OUT035,3169.8570703473188
499,OUT045,831.9801197997178
887,OUT017,1451.006918519981
385,OUT049,1943.8555809478553
55,OUT017,2316.7677743847225
401,OUT018,2192.606789252335
1544,OUT049,3109.9524114469646
710,OUT018,1847.4854401328412
20,OUT035,2216.2418923272444
489,OUT049,1477.5940156879496
673,OUT046,3009.472282905831
833,OUT045,3351.0033429843643
372,OUT046,2350.397714575729
1413,OUT018,711.062499823094
328,OUT045,2896.33850837077
180,OUT046,3094.6051863992025
990,OUT045,2869.9481705194125
810,OUT045,1643.1289002705735
1046,OUT013,2136.803625380322
831,OUT018,778.1357704339653
748,OUT017,3589.5021953574205
770,OUT013,825.3125172606553
571,OUT010,324.3734902645713
858,OUT046,2394.47282342015
1543,OUT049,975.323414554817
631,OUT018,804.0246182837279
89,OUT013,2473.7537428384676
1248,OUT045,3890.679737498736
1019,OUT035,2454.072915725913
1125,OUT027,4816.625208731079
1270,OUT027,5135.603588870124
341,OUT017,2698.7727882110707
486,OUT018,716.5761411805158
673,OUT013,3129.445296468195
1417,OUT017,2165.19448466078
225,OUT027,5029.257887826685
1019,OUT017,2483.135358624764
1414,OUT045,1556.5859785984974
1518,OUT010,362.12568102486216
1021,OUT013,1760.7591959745957
735,OUT049,3088.1732663158
571,OUT018,1025.2939033813936
627,OUT019,452.55454707346286
1181,OUT027,3099.085320615125
570,OUT046,3957.399662878709
1175,OUT045,1030.9723547347812
435,OUT046,879.4870755608024
694,OUT027,4209.904710782654
978,OUT013,4038.1690604897
291,OUT027,3042.778000280178
634,OUT017,2498.8241271458473
580,OUT027,2661.7646392722468
1266,OUT035,2333.466451470935
341,OUT019,510.1246319546819
1325,OUT049,3201.9195958288346
13,OUT013,3409.333216009495
165,OUT035,3809.027745578153
1100,OUT045,2147.7680956605623
79,OUT013,1911.1234796453668
684,OUT046,1535.8066456459428
829,OUT046,2862.274045702766
944,OUT027,2797.530403689524
1075,OUT035,1038.7880157638062
1430,OUT027,4961.441298831971
1241,OUT017,3702.0676586522854
1003,OUT017,1935.3136609319008
1300,OUT035,771.7412686855434
1137,OUT045,2797.7588527952794
1470,OUT046,937.9249956761901
1151,OUT019,504.2584285178786
193,OUT010,325.6850747372275
859,OUT027,1179.6562672306234
899,OUT018,1868.585660995452
1114,OUT045,1595.595394775035
406,OUT019,258.7420863430028
411,OUT017,1020.6787828743514
1517,OUT027,5978.517482916233
96,OUT035,2422.2947852677144
1021,OUT035,1782.0964774065164
1110,OUT018,2511.49003500002
929,OUT045,2972.4660697012487
278,OUT018,1665.9577698121298
628,OUT035,1195.8927173320499
1313,OUT046,2739.0122430947663
232,OUT018,2856.725240712722
777,OUT013,772.5298858210413
809,OUT019,247.56225388450673
1178,OUT019,623.1111057297003
108,OUT017,3357.313951848705
708,OUT017,3400.0806613499444
615,OUT046,4042.360941717716
1369,OUT018,1904.2095221269847
570,OUT027,5782.660185518449
1281,OUT010,632.105194422783
26,OUT027,5756.636337467542
266,OUT018,2712.8592238780893
792,OUT045,1644.1519527241062
1148,OUT049,829.040208911046
430,OUT018,3738.1793590209354
1111,OUT017,4302.229350581288
761,OUT013,826.3450184813585
204,OUT018,1184.973365735992
1033,OUT017,2169.8871232717474
1217,OUT013,1558.2223469958853
744,OUT027,3368.9868191861324
174,OUT035,3761.8996160306388
444,OUT045,2000.3178243098973
122,OUT045,3726.6626627350797
698,OUT027,4769.51438529744
928,OUT049,2070.046991549685
1094,OUT010,621.8201833365338
395,OUT027,4477.070128150699
1115,OUT018,1252.7263751706514
846,OUT018,1433.203469235558
755,OUT013,2120.6620051057453
587,OUT027,6027.444647109862
291,OUT013,1950.5723151686711
1050,OUT027,1977.714863458611
1303,OUT046,748.1203704401819
789,OUT010,254.2338771144872
294,OUT045,947.7166826879088
261,OUT045,3123.0820844281825
1468,OUT049,1979.3458735848799
136,OUT018,1633.3377746949423
381,OUT049,3979.448754737774
844,OUT018,2278.3392590805342
1460,OUT017,3200.53818555589
760,OUT046,827.9896107665147
1508,OUT027,5138.815875825099
406,OUT018,632.412906910638
112,OUT013,3654.9422654700875
259,OUT046,1745.9186699964134
1432,OUT013,2482.6765309804405
1496,OUT017,2411.8530223075504
1139,OUT035,1553.525194561104
1050,OUT018,1068.6713786355508
953,OUT027,1737.9856806700852
905,OUT019,324.5243539120322
855,OUT035,4065.522348186135
192,OUT045,3462.484177995826
724,OUT035,886.2532985131952
1016,OUT027,4311.970060693317
208,OUT018,715.2654722352033
224,OUT017,3520.4369627883234
803,OUT019,571.9017032118455
655,OUT017,4385.677220457586
1534,OUT045,3997.961678535982
560,OUT019,457.36993098459567
126,OUT013,3264.852981662246
1421,OUT046,1040.390147620445
734,OUT013,1034.3560594856795
1433,OUT049,1804.3594390004978
317,OUT013,1349.131976366486
781,OUT017,3033.807556927024
1103,OUT035,2593.249291503952
1370,OUT049,4064.5113701723326
991,OUT018,2719.6382962625103
1455,OUT019,455.01520991525973
653,OUT017,2831.5394774693923
1229,OUT049,2834.5024918119607
59,OUT017,2449.618127097132
336,OUT045,701.1954436823694
714,OUT049,2907.763542945716
620,OUT019,281.703097389179
1234,OUT049,3084.5246156349504
972,OUT049,1684.553960663216
1524,OUT045,3630.7191867597166
1393,OUT013,966.290398015954
885,OUT035,790.977718880856
1335,OUT017,3845.3523649389126
251,OUT013,3090.785335640361
1203,OUT013,3128.8125597083927
1500,OUT046,3718.6144022165745
1163,OUT045,1568.4615279149036
1146,OUT027,5460.076497626563
590,OUT045,835.6419239989366
930,OUT010,757.142782975794
663,OUT018,1394.1364526339955
237,OUT046,3130.817795436933
49,OUT013,3967.5393744414205
890,OUT027,5105.001499169109
756,OUT010,603.493992853626
527,OUT018,1394.2150219450807
1474,OUT013,709.0748382136194
1028,OUT017,1431.0638798441141
1446,OUT035,3200.188565852993
227,OUT027,2325.928002158479
1288,OUT027,4713.654959016353
162,OUT018,1432.6086987028932
1080,OUT017,1459.241781801231
813,OUT010,615.3792026535284
233,OUT049,2277.400341155175
1443,OUT049,1045.618174964195
1389,OUT045,4202.74811560546
708,OUT013,3261.3300995055115
1403,OUT046,2177.1809303352693
1387,OUT046,2909.3914596004515
604,OUT010,609.5638125868455
389,OUT018,2701.649486343231
1461,OUT035,2207.8825212312195
392,OUT013,1004.8197559261102
1219,OUT035,1073.685783076341
333,OUT019,384.5227936601743
916,OUT017,2435.6447802893244
1064,OUT017,2750.4383163208076
620,OUT045,822.7288075438585
321,OUT035,2551.022893404097
1281,OUT049,3143.2587046981535
975,OUT010,427.46578647997455
370,OUT019,593.3368154166119
332,OUT013,2259.9132860048576
99,OUT046,2054.5987800456983
1464,OUT035,4166.05980007533
1384,OUT013,732.2259002253381
837,OUT013,1823.5561297197758
432,OUT035,1511.505038106736
68,OUT045,817.3036590144006
1199,OUT049,827.0110035887803
1343,OUT035,1620.4616164849845
1286,OUT013,2839.8667104711053
1189,OUT027,5338.844385752347
223,OUT027,2798.797094339704
1382,OUT018,1875.710021701137
623,OUT017,3473.7494033686567
444,OUT027,3232.5902500625916
1557,OUT017,3336.148886998174
1344,OUT013,3507.848175817722
438,OUT027,3440.334539280866
849,OUT027,1065.0779714291843
1067,OUT045,2409.4476945506026
543,OUT027,2872.1886444749452
507,OUT018,2184.5715997041943
1011,OUT013,4466.701672075455
1512,OUT027,2517.2008759035843
438,OUT018,1814.7354150630688
1244,OUT045,1432.928716626499
1157,OUT049,3719.75992973115
1301,OUT046,1672.777101534115
1220,OUT013,954.517937078454
567,OUT035,2089.149682347539
845,OUT018,3068.1523572111937
949,OUT013,2325.945203493502
1518,OUT017,2093.668280214387
379,OUT018,662.0402567641536
1066,OUT046,3064.612481060234
457,OUT027,3928.080901237657
884,OUT046,957.3288806819696
1384,OUT045,737.4882598444788
645,OUT017,1543.636296524849
989,OUT045,800.983324145421
1362,OUT017,3826.2115385316747
63,OUT018,2421.8680116026107
1268,OUT019,511.5328883567458
857,OUT045,2919.3501210482464
1380,OUT027,3253.830448063786
50,OUT049,1302.005581178887
399,OUT046,967.7211687718932
1509,OUT049,2432.9624064740874
1335,OUT019,594.7591786978619
1028,OUT018,1268.9794879636202
92,OUT035,3324.1936599394767
90,OUT046,3153.8157139445498
1218,OUT017,3373.1746793117445
486,OUT010,273.04803757472587
515,OUT018,1244.9459598304538
992,OUT017,2076.8425117222832
308,OUT027,4034.83504954038
44,OUT035,3446.8198478214135
630,OUT046,3780.4179144424297
1024,OUT018,657.8408549086848
468,OUT018,2864.0259552138814
1155,OUT010,473.1391570588144
931,OUT019,558.4875491591112
697,OUT045,4132.735564939715
445,OUT027,4030.255877315592
580,OUT018,1396.7787866183705
191,OUT049,2949.7200104339845
177,OUT046,3079.517483711087
424,OUT045,822.5970326415147
9,OUT013,2630.5907032355744
1196,OUT018,1905.4621599880402
1502,OUT045,2259.365629006341
973,OUT035,1047.5009825646673
94,OUT027,1299.0407188942813
28,OUT018,1828.2412374797555
118,OUT017,2078.426475950305
102,OUT046,1537.2887532458853
250,OUT019,585.4131167860643
419,OUT013,921.3254239494743
1070,OUT035,2082.3187497303516
547,OUT049,3761.5579503080626
1417,OUT035,2181.90981669203
395,OUT049,3234.2598694953617
450,OUT010,343.39395002657557
85,OUT017,2460.8852829055113
30,OUT013,1231.1239530771793
1175,OUT035,1064.9484304112477
731,OUT049,754.6644655928035
789,OUT018,647.1675761000911
729,OUT027,3928.0171383149445
928,OUT019,363.96939570290095
189,OUT049,760.8251739069788
131,OUT017,762.3621306940881
508,OUT046,839.5882740965928
1140,OUT017,1676.1634577335285
31,OUT045,1427.701909985874
826,OUT046,3705.257601082363
207,OUT035,3995.8044484258226
694,OUT045,2636.7980563508913
792,OUT049,1683.5309504093098
1070,OUT013,2082.82544610628
105,OUT010,586.1814182297003
1378,OUT027,3393.6213082441163
1183,OUT035,3199.75286942371
528,OUT027,4745.449704572621
173,OUT019,362.94928579125474
1051,OUT013,754.9918581709285
602,OUT046,1482.4599214496684
313,OUT045,744.8514495417444
1229,OUT010,547.6158755751268
1033,OUT045,2049.9959876997877
1387,OUT018,2637.511156659355
85,OUT027,3603.129557499934
51,OUT049,2418.9620146115913
405,OUT013,2658.6864752986385
1069,OUT018,1611.96906432299
1351,OUT046,2165.8644968396525
14,OUT019,580.1085818739549
444,OUT017,2091.019113244164
1032,OUT045,2112.6859744874064
1505,OUT027,4919.90460450291
681,OUT027,2634.790413455149
572,OUT045,2494.361451948913
1264,OUT027,3679.5779197203738
64,OUT018,2721.848639037576
922,OUT018,2294.1506838041814
621,OUT018,3038.66892445829
1220,OUT035,1013.5547088790406
885,OUT017,828.3418751708116
1045,OUT027,3885.8439296337947
487,OUT010,316.3885049130088
1114,OUT027,2698.3330159942116
960,OUT045,3899.6432331819897
1193,OUT046,2646.1166239432923
827,OUT046,2637.8456739318617
577,OUT017,2080.804286359261
821,OUT027,2672.2441069265296
1157,OUT046,3444.4104513695347
789,OUT046,754.1846709772913
106,OUT045,3946.217484967533
1520,OUT046,3038.4872865823318
844,OUT017,2457.7844004724916
1311,OUT013,2814.3840197410027
138,OUT027,2235.82507853619
658,OUT049,4122.357665966732
828,OUT046,2518.9448295724505
729,OUT013,2530.5037178135262
1532,OUT017,3140.7485406124497
194,OUT018,3621.2992427233453
779,OUT018,831.5638490849519
1330,OUT035,1577.846452244417
539,OUT013,1690.9795588077473
154,OUT010,252.35610764427236
728,OUT017,1928.9254786230372
217,OUT018,3829.3832184177854
1217,OUT018,1346.1386172238808
793,OUT046,4016.0199653698273
628,OUT013,1167.9984185460758
995,OUT049,1683.2516535343098
945,OUT035,2860.3270172411676
1534,OUT049,4143.945285997281
395,OUT017,3255.5268814256206
476,OUT035,1423.6194465704634
339,OUT035,1020.0436615157594
1440,OUT027,2681.905159548899
1547,OUT045,1786.7412110852038
767,OUT017,949.5662005101744
777,OUT017,771.5276885554163
641,OUT035,2879.3977748409834
730,OUT019,514.4350109830023
273,OUT017,2083.367283094297
1465,OUT046,3001.3427553485376
1024,OUT027,1061.3305837571322
1366,OUT046,751.3678985163538
1323,OUT027,1047.6892263352572
1043,OUT013,4254.1195557347455
1336,OUT019,346.57339338595057
173,OUT027,3182.9555146012244
459,OUT018,1424.7908276091432
888,OUT035,1794.5203923593215
432,OUT027,2535.3057832301797
1160,OUT046,3135.0126432932934
1300,OUT017,743.0643096491663
1105,OUT017,2103.537169980159
595,OUT027,2620.389945390976
1353,OUT010,347.72651110298716
1173,OUT013,2888.3029700792536
900,OUT046,745.7093291804163
456,OUT017,3507.715042040112
416,OUT035,1450.862963786338
969,OUT027,4867.320320566216
1032,OUT046,2194.7348211430153
4,OUT045,2668.1201001741642
1458,OUT013,2124.193275327868
1333,OUT013,3709.178049259372
1008,OUT018,1733.0779074016305
1432,OUT019,451.93838191233004
1073,OUT018,1165.547828626617
432,OUT013,1489.0307832660746
249,OUT045,1670.2197844234724
592,OUT049,769.0418792292444
645,OUT010,341.555189650599
934,OUT019,285.89794415443913
210,OUT035,3111.0400477408434
476,OUT018,1272.7318072995577
166,OUT045,2011.831509024825
393,OUT013,2217.6280967775538
644,OUT027,3188.7336828794932
815,OUT017,1402.2921925312603
856,OUT049,2560.9774370121754
917,OUT013,3374.9011143812213
287,OUT027,2010.5464365035587
1504,OUT010,532.4121990933538
642,OUT010,469.53352046213473
503,OUT035,1535.330858623604
1483,OUT013,2102.2912565384736
972,OUT017,1694.1124323429035
1159,OUT027,5406.542658898958
177,OUT045,2954.5181894963
1165,OUT010,243.59035294456532
259,OUT018,1409.2724999972768
772,OUT013,3325.5204822178925
1546,OUT035,2230.3475201035226
369,OUT018,2784.108892153502
974,OUT027,1067.5073415696322
118,OUT018,1742.5588215748694
190,OUT018,3077.8369701883003
520,OUT049,3066.0635986334646
572,OUT046,2449.2576520147613
717,OUT035,1347.5115046446474
49,OUT035,4002.554017178786
1556,OUT019,777.5632028204824
299,OUT049,1993.6193991301284
595,OUT045,1453.1534018894608
517,OUT013,949.0308611547057
112,OUT049,3709.1266693485086
500,OUT046,3724.1459881610494
1277,OUT045,1393.19988732758
83,OUT035,973.7955056280098
155,OUT027,3678.4616686870368
240,OUT018,3195.477145929728
903,OUT046,1850.3393182987923
482,OUT049,1107.6085602263977
98,OUT035,2989.0507577692897
33,OUT027,5100.83910192679
961,OUT018,2460.946643353095
1329,OUT027,3184.7721688304828
167,OUT049,2840.6368778288347
1526,OUT046,3616.328175123962
387,OUT017,3128.414613605836
576,OUT049,3152.068714776772
1124,OUT035,745.9704251796841
1365,OUT027,4040.285567595376
1254,OUT017,3557.522637563276
846,OUT013,1735.0566051557303
720,OUT018,1486.3394900047856
159,OUT046,3131.421686698667
1382,OUT045,2085.054656018847
471,OUT019,306.536433374044
783,OUT018,3380.0024979794134
460,OUT017,1583.617253556099
452,OUT018,2719.1030628065096
374,OUT046,2125.7285562225543
417,OUT018,626.8118632094661
1306,OUT017,4428.043893496791
746,OUT010,557.9566043348924
1207,OUT013,1468.225668519981
216,OUT049,2209.167330908148
1553,OUT049,2187.5152191163625
982,OUT018,1744.2307721840705
728,OUT013,1938.8479013204155
1091,OUT049,3125.565791185334
76,OUT013,1213.243276807648
1278,OUT017,3143.0174253181935
567,OUT027,3166.501478069771
1101,OUT045,3666.024480866302
1380,OUT017,2269.2952218438427
522,OUT046,1652.7088111484304
265,OUT046,2706.5236562532236
1199,OUT035,860.9800768829699
1399,OUT035,1520.7246425989235
1367,OUT019,601.7331219449163
759,OUT049,2091.898531525045
165,OUT027,5629.259400734948
1534,OUT035,4128.38855157689
826,OUT017,3996.4489274875364
397,OUT027,4334.251582723609
1504,OUT013,2693.9796149755707
202,OUT017,1423.1271733011454
628,OUT017,1174.2776543859195
268,OUT013,1358.836810350861
1316,OUT046,2876.4244397016137
1004,OUT018,1350.538508959714
456,OUT018,3244.9542713816654
1416,OUT010,494.78767085275973
1007,OUT046,1418.3271244730204
204,OUT027,2313.4989250100416
423,OUT019,348.4455080586454
1082,OUT045,2057.105913777016
1436,OUT049,1738.4725640393822
1156,OUT046,2387.4888551452295
1006,OUT046,2107.227823081438
858,OUT019,461.1029479523691
558,OUT013,2092.0845427564514
945,OUT013,2681.2765202961345
660,OUT049,1771.7708631325945
1309,OUT019,253.75012009544423
592,OUT017,778.0014129206506
1062,OUT017,1732.9236922261907
833,OUT017,3559.7091234644377
1445,OUT049,1749.0234063245384
522,OUT013,1670.499704703118
149,OUT017,2108.9567940350107
575,OUT049,1448.4282442035746
637,OUT049,3656.110821905393
1203,OUT046,3015.4561641540795
300,OUT046,1980.6325193161922
199,OUT027,2602.4351845563724
373,OUT019,363.3687041262157
1305,OUT019,390.1878937578305
1108,OUT027,3994.1058765629923
1522,OUT017,4024.5120169364664
1354,OUT019,324.2364358212119
144,OUT010,355.50480089790904
872,OUT035,1971.6215353605971
1519,OUT010,402.2542129731885
1232,OUT018,1235.6761234046726
543,OUT046,1940.4080320115047
1250,OUT027,5289.459229468468
595,OUT046,1457.7812715473246
873,OUT045,2684.5565773775506
1556,OUT027,6670.218387117882
1163,OUT035,1613.217353789672
369,OUT046,3064.2295754035504
539,OUT018,1361.2708193723183
1124,OUT013,712.1064544245569
61,OUT035,2310.6118353925744
133,OUT046,2635.361801719789
1545,OUT018,655.9221232192317
671,OUT045,1636.3087848637888
338,OUT045,2785.0113034543865
827,OUT045,2671.8335726826144
255,OUT017,1519.2332517321613
53,OUT046,2499.0087596135036
773,OUT049,1679.4338709161943
1497,OUT010,532.6882611050726
615,OUT027,5827.263949469761
673,OUT010,563.7904666395799
547,OUT018,3016.6703233521857
186,OUT010,565.2666324110643
274,OUT049,3052.916859598923
474,OUT035,3812.1911440963604
1275,OUT046,2983.32177424924
751,OUT035,1749.5198618330896
762,OUT027,3045.3319034977862
589,OUT013,2420.511204737389
1021,OUT046,1818.4011481667453
870,OUT017,1045.5481371223982
349,OUT049,3220.709013699946
786,OUT017,1322.597552538361
800,OUT010,509.7787292023691
934,OUT013,947.9741594945494
136,OUT035,1981.344372343536
530,OUT049,4380.926224271379
796,OUT035,1823.6640862066201
252,OUT017,1834.555657584248
1321,OUT027,3417.130668516198
1475,OUT035,2828.649141264574
342,OUT018,1750.7021303804522
683,OUT027,1051.5564138352572
52,OUT035,1733.9572397627771
1267,OUT049,1914.784230850199
639,OUT018,2659.9798004966015
1092,OUT017,1409.9012821878641
1456,OUT010,365.58849958712244
1128,OUT027,2232.9016166221277
307,OUT017,2388.700723657822
490,OUT019,611.1612172720806
1354,OUT035,1458.0281249191505
229,OUT035,3912.4708429765487
1061,OUT018,2294.8219726220423
274,OUT046,2954.1609577506897
211,OUT046,1957.305065702911
1433,OUT035,1813.878433833076
419,OUT045,924.8715360100211
526,OUT045,2018.1085754531548
455,OUT049,1398.4158497578228
1295,OUT027,3051.6687879189703
221,OUT017,833.8832570067491
460,OUT018,1324.0022737840945
108,OUT035,3378.1852699864367
633,OUT019,568.045135829033
1530,OUT045,3008.6964618817638
1478,OUT017,2178.135500387119
899,OUT045,2113.4949469524736
267,OUT027,5459.541345329531
404,OUT013,2878.7354190885235
115,OUT017,1725.946135816726
1192,OUT013,2713.0329966613754
1335,OUT045,3384.930552953868
1155,OUT035,2390.471005138399
1274,OUT045,2477.374527535075
758,OUT049,826.8448658934678
1102,OUT018,2694.004983280627
1505,OUT018,2812.724064298424
1480,OUT046,1581.9901506401372
307,OUT035,2410.0238437750095
346,OUT017,2984.2021451726714
474,OUT017,3794.82949471526
1362,OUT010,613.7831044791119
1268,OUT018,2608.2798473835146
1415,OUT027,3188.948194664309
1193,OUT035,2851.6805414624714
1332,OUT035,1980.1734152434096
128,OUT046,829.9325930342097
1280,OUT049,1930.8451123380144
355,OUT045,1901.0023816392638
94,OUT013,866.3035756102647
905,OUT010,322.6398476864463
1183,OUT049,3155.232248463729
1350,OUT013,1866.736296929905
707,OUT017,2521.05683600537
1200,OUT035,2992.235977391336
378,OUT018,1390.156105954308
1443,OUT019,279.1430062006085
671,OUT027,2688.2194732566218
535,OUT018,718.2129209656721
785,OUT027,3619.5452274608397
259,OUT035,1737.6404236180545
657,OUT046,1933.0803123931678
280,OUT035,2229.429804568276
1094,OUT018,3019.304667988621
734,OUT017,1039.5286974251326
1325,OUT017,3138.002100171975
1408,OUT018,2647.667244595892
517,OUT045,951.4717486058776
1400,OUT045,1713.9067136237504
1317,OUT046,823.3363209715928
1183,OUT018,2872.1322866221844
1181,OUT035,1965.5872550526742
1023,OUT045,2512.5328456285165
166,OUT013,2131.958340917504
260,OUT018,1800.7040088079355
598,OUT045,3880.3393410231065
1339,OUT049,3431.924638516946
1418,OUT045,751.8096709772913
1519,OUT017,1786.911205085978
1430,OUT018,2621.5087002899663
920,OUT019,251.2397593776708
209,OUT018,2876.8461527612385
1365,OUT013,2753.2757146968665
1272,OUT013,818.9824086180772
213,OUT018,2477.6129871358016
997,OUT017,1364.6811096672673
830,OUT035,1942.6040110495512
346,OUT049,2960.986031425221
1047,OUT017,3113.2584049368797
1152,OUT019,334.5136232930204
1376,OUT017,4143.395801410432
523,OUT045,2894.9054294255093
1161,OUT049,3854.8583395039223
1366,OUT018,645.1416361586848
463,OUT035,1003.8611663985719
661,OUT027,2668.5541900534968
568,OUT018,2568.594453486582
980,OUT046,1379.8250294453228
1220,OUT017,968.2419666194696
1406,OUT027,4075.266679965985
431,OUT010,333.66711145220006
1522,OUT045,3759.5933648087557
466,OUT013,2156.4286906222605
1045,OUT045,2372.3911711722753
1503,OUT013,2481.756500440692
1437,OUT046,950.5391924535338
679,OUT013,2695.0649589828545
1119,OUT018,650.520112414822
828,OUT010,538.0047176437452
172,OUT046,3046.741183383575
772,OUT027,5367.872101300982
449,OUT045,1539.4478560399036
452,OUT035,3228.560290218398
878,OUT035,3899.254154075642
917,OUT018,3032.6585953812337
1173,OUT049,2913.3772011136407
1043,OUT027,6034.780381818339
1523,OUT010,389.0738432863719
1409,OUT045,1650.8922910453207
1117,OUT046,1921.25067853002
581,OUT049,3178.5715971225864
120,OUT049,952.4990618382994
122,OUT027,5337.808376877756
177,OUT049,3173.002308713425
1259,OUT010,502.25780290752704
496,OUT018,1175.128883314117
227,OUT013,1366.2440979485173
979,OUT019,256.66760819358876
1356,OUT019,283.9759496587661
309,OUT013,1999.5702200642895
1526,OUT035,3644.741095281909
594,OUT017,2944.458759154053
1278,OUT013,3038.0671005875165
556,OUT013,2721.1740297045762
1090,OUT049,3213.7279458019475
308,OUT017,3194.490512629764
551,OUT019,338.2981858664193
1097,OUT046,1478.9414277973246
182,OUT035,3614.885657982989
155,OUT017,2457.018295844302
1029,OUT013,1757.378809745574
666,OUT049,3750.0341564262053
1303,OUT045,740.6381621882288
1200,OUT013,2847.0810213567565
1499,OUT017,1401.4871213193314
362,OUT035,2544.045317856031
851,OUT018,2817.3793403701616
417,OUT013,720.7924285456506
1237,OUT019,363.4339201906688
318,OUT045,1496.3085218774613
1016,OUT049,2835.1094534366825
630,OUT013,3961.7144851868557
1060,OUT019,364.6647387204791
1520,OUT013,3074.654701984454
1146,OUT035,3849.007629335968
945,OUT027,4330.723767437725
1380,OUT010,403.1654480791196
1299,OUT046,2669.5607793609734
352,OUT019,373.3680282808057
1114,OUT019,372.5707870698682
46,OUT046,3140.6444402934735
1113,OUT035,2896.5237982929575
67,OUT017,1733.1381481244803
943,OUT013,2761.398538609649
110,OUT027,4958.622233717122
1184,OUT010,401.9140595293149
258,OUT019,582.9348378775494
692,OUT013,3906.023062909746
371,OUT045,1309.1671537718269
390,OUT018,2668.155264282072
294,OUT013,939.1287310277526
425,OUT027,3386.205919389401
709,OUT019,362.33495954805994
1322,OUT018,2577.653878878242
248,OUT027,1732.6535273497727
974,OUT046,746.2873321101038
1,OUT018,2424.145054412136
146,OUT010,462.72185969553317
399,OUT017,965.5876848851744
1099,OUT010,541.481170985283
734,OUT019,279.46958243351867
1404,OUT013,3101.7446797416524
422,OUT045,4071.7022337455546
1505,OUT017,3150.4195303172473
1371,OUT017,839.2950306883897
1251,OUT045,1671.113698816409
977,OUT027,3307.50743244764
1317,OUT045,817.372728442296
1361,OUT013,2884.460203315241
1352,OUT045,2348.3588095749055
871,OUT027,3018.0924402230344
1140,OUT010,364.8735824800244
221,OUT027,1159.3568897892171
425,OUT046,2184.711114250112
589,OUT010,461.11379695139254
779,OUT049,966.0595020198602
132,OUT013,1546.9381673083853
498,OUT013,4215.506535363422
402,OUT027,5332.744897463423
1042,OUT013,968.8265003108759
383,OUT010,376.5910246828563
545,OUT018,823.2422696509154
1270,OUT013,3122.84888559554
311,OUT017,761.2577578291316
1557,OUT045,3006.292005092575
732,OUT027,3757.149401003515
1186,OUT049,3178.629266384478
203,OUT018,2731.9475332126067
1518,OUT018,1859.6166346819114
524,OUT017,1051.8169664681013
173,OUT049,2081.1851574179736
415,OUT035,2887.1092601300916
1389,OUT018,3859.815557697748
420,OUT046,3407.878401948342
448,OUT013,739.6672149226038
1306,OUT049,4182.489516816948
454,OUT045,1854.935693827963
863,OUT013,3061.0555895021507
440,OUT027,2568.143363359726
302,OUT049,3614.364799688741
221,OUT049,822.298753832921
1476,OUT046,3650.6797278383588
1154,OUT017,955.7081072484557
1040,OUT049,739.8826385065881
150,OUT018,2515.397929525128
458,OUT017,759.6333709284631
1484,OUT010,380.0139818845416
303,OUT010,609.2658999891893
129,OUT035,2356.5105232332385
1361,OUT018,2542.3183411147966
1413,OUT013,811.4676075926866
1287,OUT045,2930.3240189049257
863,OUT035,3181.1299341317763
1248,OUT049,4253.578293005429
524,OUT010,298.05705517738835
65,OUT017,1485.7456270160746
1558,OUT035,3359.221301623812
333,OUT017,2425.542411936087
870,OUT045,1034.0838354476718
144,OUT019,373.42041499001033
723,OUT027,5573.636049554716
1099,OUT049,2897.968910711237
1363,OUT049,968.338737859704
1370,OUT017,3986.5937808126882
939,OUT018,3210.3147424059543
873,OUT019,533.4971927137987
1356,OUT049,957.6023028050963
275,OUT045,758.6020293757288
33,OUT013,2927.439614106634
1068,OUT035,2130.9778318014023
507,OUT010,480.2793090363535
1123,OUT045,2840.185887982556
941,OUT010,567.7155765028612
484,OUT049,2952.1603447429334
1173,OUT045,2854.757376000448
1040,OUT045,717.5829864069788
126,OUT049,3351.7967798395002
960,OUT019,605.4550998703253
499,OUT018,808.4267484106811
1210,OUT017,4476.6325166077695
1006,OUT013,2135.5249388568845
669,OUT045,940.3569414769713
745,OUT049,2135.988835827675
516,OUT013,3324.7234431323527
280,OUT018,1881.2798262487588
1213,OUT045,3607.754229133517
850,OUT018,2822.0630579417466
383,OUT013,2152.228404103853
296,OUT045,1374.93058038582
864,OUT017,2394.4445469809393
60,OUT027,1836.2564326232102
1129,OUT017,2503.163588022327
133,OUT045,2513.242199972355
1100,OUT027,3456.88567025028
212,OUT049,1544.3608152087238
642,OUT018,1876.2721358190713
342,OUT027,2998.156793966733
74,OUT017,1399.0019703632915
954,OUT049,827.7461110106553
1314,OUT035,4022.6933359038276
735,OUT017,3113.3304836148104
238,OUT013,3913.009351322253
1239,OUT017,1695.743555839324
310,OUT045,2616.466393399417
1012,OUT017,3073.790465476365
1044,OUT017,1204.7614800695133
1545,OUT013,781.46391871334
1367,OUT046,2717.036380492452
70,OUT049,914.6894986565055
963,OUT046,3662.8238850532307
1062,OUT018,1411.5459374972768
1026,OUT045,1576.3873702000599
686,OUT017,1413.5263432230204
1148,OUT035,860.2961169220324
348,OUT018,1833.8303747754192
1424,OUT013,3492.7409585151627
1023,OUT027,3634.4310352385796
1233,OUT019,645.2777408095018
75,OUT018,1252.438167162839
1548,OUT045,2950.7371769714746
62,OUT013,4485.633511749542
1287,OUT049,3107.7679660244903
1517,OUT045,4321.58152851468
1252,OUT019,377.97476351029786
1428,OUT018,1693.3359457743443
1437,OUT045,958.3324817561884
1524,OUT018,3535.7965543375776
1420,OUT046,4064.650437897238
204,OUT010,315.58337490812596
114,OUT013,2522.030535388013
25,OUT045,2722.4565294200797
1078,OUT010,321.8750619198447
597,OUT010,302.7721794794171
973,OUT018,836.9059659399779
71,OUT027,1944.0942400884655
757,OUT027,3579.6697855371976
319,OUT017,3004.1058533133096
1260,OUT027,3257.2338908674274
357,OUT010,352.6601272798291
409,OUT045,3900.6686897558575
1347,OUT046,718.0481963679163
951,OUT013,826.3758717528428
982,OUT046,2175.141019720614
313,OUT013,759.1146941706506
1079,OUT045,2415.243633492396
1497,OUT045,2606.342121041708
1332,OUT027,2944.13026765034
309,OUT035,1996.2242133825362
422,OUT049,4294.909391048201
482,OUT017,1099.6219879607727
939,OUT017,3903.8086819914242
136,OUT013,2025.3171233836943
297,OUT017,3804.1990837204817
238,OUT035,3942.827295603732
1193,OUT013,2679.7270675017635
99,OUT049,2066.0607971926197
320,OUT049,2410.4610690349273
991,OUT017,3615.0456815697826
1411,OUT027,4713.273618172827
576,OUT027,5153.740996811881
578,OUT017,1726.2914684369803
1360,OUT035,1771.2687238058936
1241,OUT027,5488.73031355839
186,OUT018,2689.725423460185
1470,OUT013,930.1244890843932
956,OUT035,3401.9159185670305
100,OUT019,602.2179172531378
1488,OUT046,3039.5146301899676
1017,OUT035,2481.9772795542003
63,OUT027,3855.0388462402398
1329,OUT013,2183.8529051340543
185,OUT049,1958.4949412253325
1031,OUT010,512.0031459884717
1492,OUT045,3029.1536723877316
1485,OUT045,2932.4040008264183
692,OUT046,3643.7545895884846
586,OUT010,299.83789319008366
1196,OUT010,473.84699702463473
505,OUT049,1496.711752504356
940,OUT018,2163.400047079309
1290,OUT010,383.516873250018
691,OUT017,2049.523580081476
507,OUT013,2467.2059348310554
777,OUT018,645.5202067153255
118,OUT013,2079.708680656072
1239,OUT035,1729.3591562666834
258,OUT035,3607.0887362867497
1128,OUT045,1164.1362570842293
1242,OUT013,1697.9455211713553
588,OUT013,2373.6643684231194
693,OUT049,933.7776873265807
103,OUT017,2365.9741322234013
222,OUT018,2743.7679080400803
1255,OUT049,3354.559404528888
476,OUT027,2526.5346781236804
1001,OUT017,3921.78275246664
316,OUT010,343.4884171896615
209,OUT017,3284.901680923337
193,OUT018,1264.1324420651827
1426,OUT013,2004.4492550223413
586,OUT017,938.5925982152526
91,OUT049,2603.340392732688
315,OUT045,1537.4791670750599
1081,OUT035,1801.9496030807131
22,OUT018,1392.5665234099245
447,OUT027,3698.9887175416707
1524,OUT027,6633.722010334648
852,OUT018,1264.7145156383358
396,OUT013,2468.8073577589216
1545,OUT019,260.1484507839208
493,OUT018,2773.801319087941
835,OUT046,744.4898772761194
322,OUT017,1729.122462089324
684,OUT019,362.47102217013025
43,OUT045,2451.3559554948647
48,OUT013,787.7555327936975
1421,OUT019,282.50136649113585
228,OUT027,1678.9666678824537
535,OUT013,903.2829129631461
686,OUT013,1405.6189335550516
1128,OUT013,1308.0435450460745
939,OUT019,629.354208757044
1024,OUT013,753.0619292780725
993,OUT046,787.965062229591
1014,OUT046,3070.284639138986
1446,OUT027,5068.4655028219
612,OUT027,5105.052120310929
68,OUT027,1214.6522999454671
980,OUT017,1422.6352909769266
1079,OUT017,2442.8003020182737
806,OUT045,2025.8409771833044
1342,OUT027,4873.9989839908285
106,OUT019,620.2866123214972
253,OUT035,1773.4974953988374
1541,OUT019,264.7582911769872
1509,OUT018,2314.365127102599
638,OUT019,371.1716826418407
25,OUT027,5561.180095124244
948,OUT046,1415.2881230081766
816,OUT018,2227.9436002052553
356,OUT027,973.5674306809603
1401,OUT046,2622.417588387809
87,OUT049,3010.1344236900986
1328,OUT017,2149.2396335077656
1374,OUT035,2011.69357599482
787,OUT019,377.87097322709474
492,OUT013,3050.4159035947455
1130,OUT027,3705.92874824492
170,OUT046,3180.0235352703235
534,OUT018,3676.720095604701
1005,OUT035,2115.1082477282634
899,OUT046,2188.5382641740607
285,OUT046,3695.383409658417
628,OUT027,1955.5328566226735
1012,OUT018,2845.4085768035047
799,OUT017,2182.4397046711283
107,OUT013,771.2360320612756
190,OUT049,3781.711760365319
61,OUT019,455.86253047190036
965,OUT010,723.5317295089972
798,OUT019,335.132916505911
909,OUT018,900.0742115599254
1092,OUT027,2383.7521030210514
478,OUT027,4877.624070526892
1514,OUT017,997.2922104492684
56,OUT049,3353.4906169915675
918,OUT013,716.6706328913538
713,OUT027,3010.8021989481194
760,OUT035,870.0461169220324
1250,OUT035,3270.06888688481
1273,OUT027,4975.415258364055
993,OUT017,821.7921496319348
689,OUT017,4061.7026468452177
471,OUT045,1214.366588978614
650,OUT019,321.2125558163291
1486,OUT027,2634.9591459564626
232,OUT045,3174.521596084603
237,OUT045,2989.2713668110146
1261,OUT013,2122.6069969430014
1369,OUT045,2101.9983046096872
1476,OUT045,3674.114456514296
333,OUT027,3690.4284229748305
1010,OUT049,2368.377631054473
344,OUT027,2335.516151190799
998,OUT018,2757.8054900518537
186,OUT017,2774.2220534899716
1104,OUT046,1052.7044786751326
88,OUT035,3809.856975679786
948,OUT035,1443.419848551963
600,OUT018,2842.7011715484837
775,OUT027,6220.673503972575
511,OUT046,3023.464423872596
809,OUT049,728.1104217097131
1552,OUT013,4577.626578299513
335,OUT017,978.5271839046259
362,OUT027,3441.165920802743
268,OUT049,1410.0607472187603
1213,OUT013,4169.1218589882155
1534,OUT010,876.8833932501699
1025,OUT013,2850.7355566344113
954,OUT046,829.7046376219835
16,OUT019,289.9374669927505
782,OUT013,3949.566300418558
1399,OUT017,1488.710775941856
1293,OUT013,712.525918535885
420,OUT027,5471.6739745127525
1465,OUT049,3093.150638262078
638,OUT045,2034.8092770747226
288,OUT019,627.5632846847784
676,OUT027,6314.800536320392
230,OUT018,2192.2659595942523
1376,OUT035,4211.1939749970825
1512,OUT019,330.202530791915
1137,OUT013,3335.001803251759
219,OUT046,957.4816668187682
256,OUT049,3184.2792487998386
1425,OUT018,656.7028211550564
190,OUT027,5603.313452307912
1452,OUT017,3212.900902890394
1476,OUT017,3602.3825422355885
686,OUT046,1393.9778813089579
408,OUT046,3795.0153271911813
331,OUT027,1190.6653004337484
83,OUT013,959.9375537776727
72,OUT018,2612.304824679961
691,OUT035,2045.80721045257
569,OUT049,1922.1339747167872
748,OUT049,3630.9686466680646
637,OUT035,3704.977334951111
300,OUT017,2097.7665884692697
614,OUT017,1413.1575077738016
939,OUT010,606.7132480636847
424,OUT017,764.9104677900691
1385,OUT035,4162.619027972734
93,OUT046,3139.7398854520757
1048,OUT046,895.9615018303336
945,OUT045,2676.037673630604
1208,OUT045,3195.883560416548
259,OUT017,1732.6345513440697
1447,OUT013,2943.9071014610163
713,OUT045,1808.855772901769
1070,OUT018,1797.705056392376
1289,OUT046,2352.723796950233
554,OUT049,3693.151609751144
535,OUT017,957.6801836644713
1027,OUT017,1478.8059297504496
121,OUT017,2368.6623689676126
1069,OUT017,1810.0974359745735
1188,OUT035,2905.906168881722
219,OUT027,1665.3316279357102
1015,OUT045,2438.207438189005
1260,OUT049,2107.131658612095
704,OUT049,3718.898004908708
901,OUT018,2714.8656081320432
990,OUT010,602.2441714735643
270,OUT010,389.29230023740763
1080,OUT010,333.5476351338407
755,OUT010,386.5642912844188
235,OUT019,555.6508792372362
1458,OUT046,2075.749823183137
293,OUT049,3353.511872445449
496,OUT045,1316.5332426390144
69,OUT046,978.7575762425963
720,OUT046,1771.381599981277
395,OUT046,3077.464931387711
636,OUT027,2585.630368191117
622,OUT013,2787.284375360068
1252,OUT013,1622.0710579666488
642,OUT027,3241.0341523864545
1205,OUT017,1685.5422462070242
1397,OUT045,745.7453094050256
1146,OUT010,620.0755222336065
38,OUT017,754.2325225397913
685,OUT049,4291.700868541534
650,OUT049,1396.5524052347391
215,OUT049,1552.6654416735676
1177,OUT027,2263.404564658479
173,OUT017,2091.0809998293385
1537,OUT017,2315.855210866108
317,OUT018,1188.3711928844295
1124,OUT019,244.92785447044423
237,OUT018,2800.986135466382
1101,OUT035,4087.1309259129985
1074,OUT046,2356.843339890278
1178,OUT027,6277.681439222741
1051,OUT045,769.285130588966
719,OUT013,2420.701853238971
765,OUT027,2536.431637722367
1311,OUT019,523.1483516135818
281,OUT035,2094.1450064380197
542,OUT010,536.6379986539007
32,OUT018,1306.297317729407
697,OUT035,4573.60721884894
52,OUT027,2644.5432037253718
561,OUT010,605.0001574044072
123,OUT045,2647.4950090229313
507,OUT027,3851.052213412774
1549,OUT045,1728.7378812778757
1382,OUT013,2216.0222316769878
1229,OUT018,2532.934427788462
644,OUT049,2086.1778419200455
715,OUT046,2663.058614280111
1371,OUT045,825.4790822020616
96,OUT045,2365.3422534394185
749,OUT018,1694.1855304239484
385,OUT013,1939.38060374289
1154,OUT019,278.9392522710708
1379,OUT045,2814.2485176333757
521,OUT013,3358.769560203443
510,OUT045,1831.7602787889005
1179,OUT013,2403.23968808434
50,OUT045,1201.0691036270514
392,OUT045,1076.597781980875
1226,OUT019,361.46315289854044
754,OUT049,1013.9281725227889
458,OUT013,758.8313079401819
151,OUT010,603.5645450087205
1091,OUT035,3107.519799421797
189,OUT046,764.3880096003381
1313,OUT035,2797.285311622651
247,OUT019,628.8767917648565
276,OUT013,1044.1890367806013
161,OUT013,2981.743332355327
574,OUT035,3777.6199401409767
1395,OUT046,2437.1389510897443
1497,OUT035,2868.0311967229873
1103,OUT018,2293.2733886376673
1344,OUT035,3550.3077833161124
341,OUT018,2375.9217088432024
360,OUT019,336.60274987993444
1213,OUT010,649.0103383658306
392,OUT019,301.0542534540265
1149,OUT017,3985.567076928343
222,OUT049,3504.5114969568913
373,OUT013,2140.2391826180456
342,OUT013,1948.3211114813043
947,OUT018,3233.417140488268
1250,OUT017,3275.037242637738
719,OUT035,2448.054529459785
650,OUT027,2367.506131341364
58,OUT017,2940.272583922354
1195,OUT010,325.0709938527268
121,OUT027,3616.210189567324
888,OUT019,376.87495577104005
47,OUT027,2886.213303869218
743,OUT045,3892.1629038647598
916,OUT049,2467.701425394065
979,OUT027,1066.413042253226
567,OUT046,2063.4296735919515
669,OUT046,946.9347613011901
352,OUT049,1732.455225761199
206,OUT013,2477.8744520264995
342,OUT017,2073.1171170045864
1145,OUT035,3826.435460442542
1331,OUT049,3003.3711236762815
447,OUT035,2380.0306968087934
1372,OUT013,3345.9962311830795
888,OUT049,1730.8647716596365
475,OUT018,2645.315803296924
995,OUT035,1704.3842217351064
470,OUT017,3179.7777196031757
106,OUT035,4533.15381996209
230,OUT019,470.33416438303317
1168,OUT049,4147.416546900624
652,OUT035,746.075478867361
1359,OUT010,618.3528354660284
139,OUT017,2123.8599896595415
1458,OUT018,1898.0853622073244
114,OUT010,522.034212883003
967,OUT013,3047.0824806325177
851,OUT035,3051.9694382046882
694,OUT046,2618.838632415309
236,OUT045,4402.190326185701
1553,OUT035,2168.875046127654
374,OUT010,393.3897307375438
1233,OUT017,3314.849322778231
1507,OUT018,2471.4753864888926
1524,OUT013,4054.7267756283773
1395,OUT027,3810.4182220438242
1058,OUT027,3104.0630311007426
1079,OUT049,2423.3880127044285
491,OUT027,5031.601690772359
697,OUT017,4506.615076730051
682,OUT046,1500.848425072005
1266,OUT049,2261.5706213311223
1419,OUT013,1299.1101257805485
747,OUT013,823.786546801671
1282,OUT035,2060.3955139894947
282,OUT045,718.5047698542444
127,OUT010,256.0960826198583
418,OUT027,2929.434632519633
345,OUT027,1333.9185143276982
333,OUT035,2439.567859662236
1484,OUT013,1940.866686680568
1362,OUT018,3017.4091260538817
494,OUT019,354.7449814058057
680,OUT018,3149.6344980690073
1001,OUT046,3676.0590714797895
470,OUT010,592.9048984543097
1285,OUT018,1398.7578515597768
1285,OUT019,368.6534897065869
1296,OUT045,3462.8384093798304
1011,OUT035,4304.630371732823
1165,OUT035,768.1728482753872
861,OUT049,3147.5491635681005
1441,OUT013,986.6345934212264
799,OUT045,2072.364420369913
1491,OUT049,3234.0720173693735
696,OUT049,951.3381426488463
336,OUT049,728.2576995417444
679,OUT045,2632.8265210207956
431,OUT035,1518.0780971887673
579,OUT013,1692.5437110507742
887,OUT019,335.60986416593846
581,OUT010,653.4465549484503
224,OUT027,5116.1674752390045
723,OUT049,3961.108323989127
1246,OUT049,1724.5904839612572
918,OUT027,1035.2151052415072
269,OUT013,1562.3080494545366
761,OUT035,878.7124987579699
54,OUT018,868.5928102665926
738,OUT018,1384.868020016808
389,OUT027,5092.972297281693
675,OUT045,2766.5934538366355
543,OUT045,1999.0746790842004
251,OUT045,3022.6679360272346
513,OUT019,406.5511902666196
352,OUT035,1763.9383188643396
840,OUT035,4417.435622945522
1108,OUT046,2542.2791140334584
874,OUT049,830.8575001708116
1107,OUT010,568.3960879774705
1009,OUT046,2747.035750648417
373,OUT018,1791.5836698878704
1544,OUT018,2751.6441125221886
305,OUT045,4232.195978021526
1123,OUT017,3055.669916963727
1318,OUT013,2165.811618684
1255,OUT019,660.2878421278612
1097,OUT013,1469.6252046527934
285,OUT049,3959.7271492454693
73,OUT018,1137.359910001518
172,OUT049,3134.3184494255447
1330,OUT049,1495.7685151996684
357,OUT035,1756.4035331190853
771,OUT027,2726.195686892649
1310,OUT017,3633.46524732159
1472,OUT027,5952.142812443282
733,OUT019,365.02382497582505
726,OUT035,778.4765592128872
1461,OUT046,2181.029044781417
1399,OUT046,1439.2685762348246
461,OUT027,2275.6539715473646
49,OUT046,3824.4384481590696
522,OUT035,1680.2280370640708
785,OUT013,2389.1962776708924
670,OUT017,1844.2739301238184
1452,OUT046,3045.9221880476116
525,OUT049,2094.5923610892232
735,OUT027,5274.246605388799
26,OUT049,3971.527390143202
996,OUT045,1671.7918035330763
598,OUT017,3879.5759198556525
1537,OUT046,2305.9364066098115
1246,OUT013,1707.7237847425072
1446,OUT013,3093.12112888494
515,OUT035,1367.5840754454287
545,OUT049,938.3539507543151
1287,OUT017,3001.295968110422
874,OUT018,725.4043882508283
1217,OUT046,1653.8461359561848
299,OUT018,1824.6510534863567
1546,OUT017,2565.1872177180676
194,OUT045,3731.6281339524203
368,OUT035,3178.293026963845
1431,OUT018,1404.4124819699746
262,OUT027,2200.7330558694166
1064,OUT045,2539.8014270348117
1260,OUT045,1991.6572683712886
124,OUT046,2873.166853030153
132,OUT018,1300.6262972215945
784,OUT046,1403.7412281757915
136,OUT010,344.36888605934627
1301,OUT035,1702.4284685630369
185,OUT018,1638.976312078354
1531,OUT027,5806.489197580615
1551,OUT049,848.1744289672463
828,OUT027,3633.9079242405255
1094,OUT049,4073.025557363003
684,OUT017,1511.126745384505
874,OUT046,833.8705922118272
906,OUT018,2158.9584215126742
607,OUT049,2746.501342633761
46,OUT018,2793.3366170824243
155,OUT018,2170.0418385005023
1298,OUT049,1570.537227366979
479,OUT017,838.9568348876085
1324,OUT035,4001.867193472698
144,OUT035,2089.5584321531537
1480,OUT045,1567.902985677963
217,OUT045,4002.1522113379897
323,OUT035,2097.8392739106393
274,OUT045,2855.5859106873395
624,OUT018,2797.7957810252196
332,OUT049,2237.073400650847
1084,OUT045,3135.057184227657
16,OUT027,1766.2751224385856
1552,OUT027,5856.07541350242
683,OUT045,736.6910491511194
837,OUT035,1983.888707689393
1022,OUT019,264.38806717796376
1198,OUT046,3267.7787436346753
1046,OUT049,2133.896993548672
731,OUT045,776.3207446026379
970,OUT027,2997.5820088895252
835,OUT027,1227.6804371524984
1081,OUT019,373.1341263032666
1000,OUT049,2688.970705678651
550,OUT045,1533.6965743016224
40,OUT035,2402.848997104681
794,OUT017,2932.8466413562724
499,OUT019,288.2251463393743
907,OUT046,1343.5323059563298
1034,OUT046,2654.8680324654492
1516,OUT046,1767.4584516782502
1138,OUT046,3083.6285747422157
489,OUT018,1299.2701183818817
1226,OUT049,2062.671119332036
399,OUT013,956.0231707250182
640,OUT018,739.4904173035627
408,OUT027,5919.642534604549
459,OUT035,1702.956853571044
661,OUT018,1354.0654858122682
1013,OUT035,2481.371744063852
1342,OUT046,2809.820889337794
640,OUT045,920.0507352287711
1329,OUT010,376.19809560570786
604,OUT045,2790.529582786321
941,OUT019,528.8506625624315
1065,OUT013,3441.0359438387704
226,OUT035,1688.2072892577671
316,OUT049,1683.291021210091
135,OUT046,818.773411838966
1156,OUT049,2414.53062097117
782,OUT049,3937.3555632930015
1176,OUT049,930.1374051506461
782,OUT045,3666.3008196147694
79,OUT017,1946.0864939597075
1191,OUT027,4087.348190040235
909,OUT045,957.874138250329
834,OUT010,465.9990661164316
4,OUT018,2666.947834433038
884,OUT035,1018.0402130294312
805,OUT045,2808.727300557769
1313,OUT013,2810.6712046828834
1151,OUT027,4296.549318492947
877,OUT049,2166.362012521176
102,OUT027,2357.291691846977
669,OUT017,940.8273394261901
235,OUT046,3102.3191907557903
784,OUT017,1410.4458790546978
105,OUT045,3056.4984853003234
42,OUT018,669.3270914809505
1300,OUT019,244.48042862815907
1087,OUT045,1471.0288979423558
1513,OUT027,4859.146518549967
1372,OUT035,3525.197356047397
91,OUT027,3921.389203236522
19,OUT017,3413.3793298707405
634,OUT045,2401.3455311807197
1255,OUT018,2725.236232293881
238,OUT046,3566.5314004513943
387,OUT049,3228.690149178573
742,OUT045,3792.747043901092
570,OUT035,4225.180346097966
1259,OUT018,2446.48070283553
1215,OUT049,2254.908127580924
197,OUT035,3881.4915428812433
864,OUT045,2387.4583702170476
1014,OUT049,3168.949206422343
431,OUT046,1460.790609926231
766,OUT013,3422.5495841757115
498,OUT035,4191.918916637589
1112,OUT013,3307.5607854206974
1394,OUT010,358.68614680153377
908,OUT027,5416.551004600531
555,OUT013,775.0578371748347
715,OUT017,2955.6872587449825
569,OUT027,3143.687050748905
1375,OUT045,760.4661318525691
599,OUT018,1643.307300596145
166,OUT049,2103.212008087545
1195,OUT018,1071.9989543191446
755,OUT018,1836.3778224596533
611,OUT046,2066.5633994529435
11,OUT049,2418.078344434716
1481,OUT017,1788.8116130579424
287,OUT017,1225.6145536631168
1512,OUT013,1571.162799211022
1121,OUT046,3048.3101166513843
1549,OUT027,2730.1931484829047
1347,OUT013,725.2469878718225
549,OUT049,1386.586320949229
1467,OUT045,779.9603362604944
1322,OUT049,2999.301819687151
55,OUT010,486.14326167307223
313,OUT046,757.24393611401
1398,OUT027,3410.558686173804
930,OUT017,4001.995255594317
852,OUT035,1362.2271418516787
56,OUT017,3356.9437152412847
924,OUT035,1007.8614715743531
1191,OUT013,2659.9571243212704
684,OUT035,1539.5072502251664
1242,OUT019,359.1297012544385
1450,OUT045,2078.8351812718574
1295,OUT035,1793.6667941736669
869,OUT018,2840.4024189055153
135,OUT018,714.9040220398908
5,OUT013,2420.6358622185408
759,OUT027,3004.177355372785
3,OUT018,2653.7205264797885
857,OUT046,3033.9218058626116
1398,OUT010,434.5527642275914
1314,OUT027,6548.324930567038
1511,OUT027,3091.5358397593172
875,OUT049,2878.575795269885
686,OUT035,1425.2709838058693
1253,OUT013,1930.6162034127037
534,OUT049,4041.374707734528
4,OUT027,4528.599875002353
1065,OUT017,3579.7787288634618
599,OUT035,1849.7029912513622
1224,OUT035,2302.742248311346
1467,OUT027,1031.1309377610385
768,OUT017,2075.238390227082
1184,OUT013,2325.219947043962
1245,OUT049,3254.0118566496485
1435,OUT035,1039.7635558068548
838,OUT035,2931.817239797102
640,OUT049,963.1024248754088
888,OUT013,1823.2074990126944
1232,OUT013,1372.9821339375103
1230,OUT019,584.8126454947369
306,OUT010,344.40910200411463
655,OUT049,4280.560560184603
1524,OUT046,3716.816769160999
1185,OUT027,1702.928015504992
521,OUT019,637.365195085169
627,OUT049,2399.6522152824564
1528,OUT027,1821.8838554080871
162,OUT045,1660.3967136254569
175,OUT019,261.0925502101903
1224,OUT017,2484.329473850184
1280,OUT046,1919.8070874356706
590,OUT046,843.2847767821397
707,OUT019,513.566942985542
1446,OUT046,3071.6153217716646
834,OUT018,2312.6448509672186
113,OUT045,3944.29969780197
1047,OUT046,3050.6523171327294
495,OUT010,474.3006560822519
392,OUT049,1006.809929265954
1321,OUT018,1808.6238095299914
654,OUT049,3576.1473518606062
1445,OUT035,1765.3349906386165
1541,OUT027,1253.0511460701878
616,OUT027,4871.379278889577
1269,OUT027,5299.53059840949
347,OUT018,2230.912321306043
1197,OUT035,3954.8469629992574
1336,OUT027,2490.871878984726
703,OUT045,3769.8591341055408
763,OUT018,1387.2589501925893
618,OUT027,2505.516354519242
515,OUT027,2237.6136711037916
432,OUT010,374.75375316219527
106,OUT046,3952.0173774864725
1519,OUT046,1790.3469350664468
364,OUT049,2383.8235797249154
612,OUT019,609.0985019699347
655,OUT018,3313.5801923623358
96,OUT049,2402.0660453559212
624,OUT019,573.0247195692674
157,OUT045,3554.782688031951
1275,OUT017,3108.7516989118603
1343,OUT019,347.5809464865365
860,OUT046,2398.928811774351
538,OUT045,3460.6757714847936
1551,OUT013,843.325490978965
987,OUT013,955.7150501155634
1326,OUT045,1641.0971647945662
122,OUT017,3876.406854276507
439,OUT035,1517.0320766809548
1219,OUT018,840.6604677372957
1537,OUT035,2233.176987547313
1148,OUT027,1328.354488448792
1123,OUT046,2815.440835518946
1519,OUT018,1448.7043847629018
1485,OUT017,3217.707672280075
485,OUT046,2748.2021551039516
1555,OUT027,3190.79801341621
1364,OUT046,2111.0210825307113
1135,OUT027,2414.714055128227
1271,OUT046,2463.939478983326
248,OUT049,955.6022112523619
15,OUT018,2155.6024051728573
1117,OUT013,1936.0438287664606
240,OUT045,3349.814114999178
236,OUT017,4556.738162925033
548,OUT045,2711.385641458576
11,OUT013,2460.463917402716
1080,OUT019,338.8667893820443
1500,OUT018,3359.6846499662224
2,OUT045,2662.367063131735
839,OUT019,343.5338869648954
116,OUT018,664.5835306899348
183,OUT013,1420.9988774027079
1293,OUT046,721.4854522272913
20,OUT019,382.3849610185727
1313,OUT049,2901.5671305951173
943,OUT045,2724.0007860486076
1497,OUT013,2557.387501911697
889,OUT046,3690.820098286533
593,OUT018,1315.509437229538
763,OUT017,1730.7734236715032
271,OUT018,2235.1465508760693
502,OUT010,521.0077999191358
1233,OUT046,3110.1594095144733
1492,OUT013,3277.7188843372787
830,OUT046,1924.63886212377
196,OUT010,385.34779958520005
1263,OUT013,1651.6731897638506
198,OUT046,3555.5829548825614
242,OUT018,1751.2950088725065
1112,OUT035,3414.5048264562547
549,OUT027,2295.935340643924
32,OUT027,2547.714896562851
174,OUT017,3691.621513110753
925,OUT045,2884.222359084175
742,OUT035,4071.0549068005676
1039,OUT035,1442.8714476730568
897,OUT027,2649.1932411969974
1199,OUT027,1314.344966964417
1317,OUT049,828.372972582921
389,OUT045,3185.566940617652
879,OUT027,3934.154260008993
353,OUT046,1049.341533118492
1229,OUT035,2837.980676496708
1251,OUT013,1819.4617273805534
833,OUT046,3409.8113085939694
410,OUT018,642.9976847426692
1308,OUT017,3236.8734090514863
1247,OUT046,897.2768094475211
428,OUT018,2299.4524988853454
65,OUT013,1498.234685196724
1252,OUT045,1574.9594088075419
1020,OUT018,2335.550176846844
1223,OUT018,1860.416011605193
421,OUT017,1955.2252098541053
1315,OUT045,1600.6485256559313
1201,OUT035,3430.018744734867
205,OUT013,3854.6131272297575
883,OUT035,3442.5455616523327
907,OUT049,1339.7861511711735
1161,OUT027,5553.051522738995
1452,OUT018,2707.9162712608113
840,OUT013,4324.326520515118
60,OUT045,952.5714800511901
224,OUT046,3097.93576287669
1288,OUT018,2542.937728431209
355,OUT035,2110.8247265100235
239,OUT019,628.466025163294
1179,OUT046,2474.7324488777776
401,OUT046,2380.341565035097
583,OUT049,3883.7094409241545
809,OUT013,711.6362090632288
660,OUT035,1755.806643076411
1074,OUT013,2570.024688825387
278,OUT035,1972.814831327911
1145,OUT010,730.4944065109503
945,OUT046,2675.6394217612387
134,OUT019,617.4660647841112
198,OUT010,588.8426137564556
664,OUT045,2688.5608195511595
234,OUT035,3117.4847427907334
541,OUT045,2799.021747931466
1016,OUT046,2712.6351202836677
870,OUT049,1035.9047045052107
1000,OUT019,578.2407535048143
68,OUT049,865.6598072997178
280,OUT027,3651.4365214972468
775,OUT046,3583.792997821116
373,OUT035,2104.3954463473465
291,OUT010,383.6708727536822
1181,OUT046,1963.6097770253305
674,OUT035,1526.148729717354
1046,OUT035,2140.9739488552596
1067,OUT010,471.0748260041269
523,OUT049,3254.8279662556433
203,OUT035,2999.201503995986
642,OUT049,2204.131147481263
1054,OUT045,2071.1510917586784
806,OUT049,2090.916767257709
1300,OUT046,750.3552947565881
72,OUT046,2540.384951925754
827,OUT018,2502.0070105720297
1294,OUT027,1152.8799610782796
502,OUT046,2482.323463685362
402,OUT035,3576.849236030719
6,OUT046,1720.6972344495384
1173,OUT046,2740.4876961273935
1156,OUT045,2382.079031585863
237,OUT010,600.5931003586065
955,OUT035,1699.467605328885
1102,OUT027,4331.743896158172
936,OUT017,1339.7350123312308
926,OUT019,624.904257585169
1484,OUT035,1966.1107491472467
718,OUT035,3431.14788882194
154,OUT046,747.7261748835413
723,OUT035,3857.346677653164
89,OUT017,2411.9958750610303
313,OUT018,633.3038370864192
1489,OUT049,4227.554227639569
812,OUT045,804.3590136456066
1016,OUT013,2733.085817451377
276,OUT046,979.0898059749384
758,OUT035,890.259200589544
1394,OUT017,1852.6926320521175
590,OUT035,805.4631592483212
349,OUT018,2634.8945121437514
1469,OUT013,747.8252932295222
1298,OUT035,1625.9269485162345
449,OUT013,1675.6905573429035
314,OUT019,574.3471682997362
267,OUT049,3810.3622133213203
1231,OUT045,1484.19640029543
617,OUT049,1708.868067558074
371,OUT013,1391.454240871104
1085,OUT017,773.6858611628381
1209,OUT018,924.6820131474519
72,OUT027,4020.2223840283596
137,OUT027,2911.7439402904606
840,OUT049,4395.555055574213
793,OUT027,6159.472074902229
100,OUT018,3074.6203394260583
1500,OUT035,3939.002218447543
1512,OUT018,1427.5622928382663
1284,OUT027,3163.1747567211078
1216,OUT018,1432.2985009738393
928,OUT017,2083.684330107344
285,OUT019,580.5883718130963
658,OUT017,4056.1492190881518
1427,OUT010,559.7267154188768
1255,OUT045,2950.9403922825127
902,OUT013,3822.6929659615207
492,OUT045,2954.1240922215175
164,OUT010,622.4077365890753
1547,OUT049,1887.831702085919
375,OUT049,3141.963778659003
393,OUT010,388.25229482445786
204,OUT046,1325.5047266866995
66,OUT035,1058.2725890099798
919,OUT049,2584.129745234055
1333,OUT035,3697.012160835188
862,OUT049,3147.8382289762803
475,OUT035,3013.373241831846
1224,OUT045,2200.390966677212
624,OUT049,3157.301226943334
6,OUT045,1660.7211098499456
1485,OUT013,3291.255069851012
1497,OUT049,2714.348992998166
1303,OUT013,734.1348357722131
1172,OUT049,2271.15868837569
1451,OUT049,955.5793841039244
169,OUT013,2431.442980678379
800,OUT013,2594.2948537864568
346,OUT027,4765.061889102324
938,OUT013,2096.4381779906043
1517,OUT049,4407.778587044642
579,OUT027,2455.597600050102
1357,OUT046,1360.9059620625103
478,OUT045,4036.4008560836182
1133,OUT013,1761.7429083647673
1057,OUT019,604.1709201828253
138,OUT046,1371.4721252922673
1226,OUT045,1971.5589348129927
755,OUT027,3316.594879487839
256,OUT017,3144.64552015068
928,OUT010,359.45390607236857
1419,OUT027,2278.7384269631666
864,OUT027,3946.47440621804
104,OUT046,740.6733489558069
1160,OUT049,3297.2562105129837
1122,OUT010,570.9725955458299
738,OUT010,340.26660310990724
1448,OUT045,1278.9410795530769
1376,OUT013,4281.097853987372
750,OUT013,3530.8383558466794
352,OUT013,1731.8972423627615
597,OUT017,1050.886241370445
258,OUT049,3541.628976003205
98,OUT010,547.092987391533
287,OUT018,1144.4134378335493
1416,OUT049,2648.06761837841
260,OUT027,3181.335695161689
1424,OUT045,3347.512521070007
789,OUT049,748.4506927058069
488,OUT046,2003.0343161223159
664,OUT010,534.1847285667068
100,OUT027,5702.500095480549
972,OUT045,1535.8094893406849
133,OUT019,524.0925502219802
281,OUT010,379.88725568174357
1079,OUT046,2400.816274682762
501,OUT046,2075.9172554913657
122,OUT049,3977.159691817544
1423,OUT045,694.9352508112756
998,OUT049,3172.4543897963495
1015,OUT018,2338.054990987326
513,OUT046,2153.622968210707
625,OUT049,2040.734577416048
1358,OUT019,516.3762568870193
644,OUT018,1785.2291359175092
758,OUT045,836.5059071532335
1298,OUT010,346.15615705782557
682,OUT017,1525.6648923571613
1191,OUT049,2732.977583368829
1005,OUT046,2230.9614085970074
367,OUT019,623.4947727218878
757,OUT017,2615.7967700932604
181,OUT049,2600.8787728322677
22,OUT027,2530.168753984726
1098,OUT045,987.3248047665174
1227,OUT019,387.93697077614314
1218,OUT027,5360.687847939145
1411,OUT049,3178.792341975751
394,OUT035,3292.2007343008804
892,OUT035,3426.9424130397683
1101,OUT019,569.7987905142681
1252,OUT010,373.9378830171338
729,OUT017,2503.5486117650307
1377,OUT013,751.6296172663538
1516,OUT013,1811.114481449787
762,OUT017,1910.454889062261
766,OUT019,601.1978457899705
443,OUT017,2860.6897730189585
1437,OUT049,979.9352344417352
555,OUT049,830.0102101317491
263,OUT045,1206.394909291114
360,OUT017,1428.0017460550516
724,OUT017,862.5361173088493
912,OUT027,6350.631187875944
1154,OUT018,836.5403810673738
778,OUT013,3478.0110768300983
255,OUT010,334.4693117695829
933,OUT019,581.4356923697369
428,OUT045,2466.885529117039
1078,OUT049,1405.5760868753641
0,OUT027,3318.2434852276388
1039,OUT013,1421.4261234964579
21,OUT013,1800.0324501845694
46,OUT027,4998.83017364465
1136,OUT017,1525.1810666735676
100,OUT046,3273.1102948063735
346,OUT045,2817.8098742614716
325,OUT046,1692.3247779453054
425,OUT045,2002.2271726860615
922,OUT046,2524.64242956854
13,OUT027,5274.631508365408
404,OUT035,2809.001316164752
249,OUT046,1746.0634627340032
1041,OUT018,2625.679524847707
233,OUT045,2166.0896348472706
1035,OUT046,2076.1352552695494
163,OUT019,367.12124788529786
245,OUT046,2464.658885516971
1005,OUT049,2113.5634841935344
331,OUT013,837.9518910399522
873,OUT013,2729.4517008613343
1069,OUT027,2731.0150054831843
542,OUT018,2388.8748745745406
638,OUT017,2142.78564601366
1093,OUT013,1703.5910900190115
1247,OUT013,920.2399981175963
337,OUT018,1186.4387588023983
1284,OUT010,394.95900563988755
975,OUT046,2059.109182434274
607,OUT017,2734.3239857823764
1553,OUT017,2204.845016830779
409,OUT010,683.3262546554815
586,OUT018,840.6954408818269
312,OUT017,1738.9209647991343
700,OUT013,1176.854192471857
1413,OUT027,1318.7542076870732
1096,OUT013,1722.824239698953
205,OUT046,3804.773224822822
1237,OUT013,2115.4834004826052
1174,OUT035,1971.0034933684096
60,OUT017,911.8425443108024
671,OUT013,1698.168604667449
1029,OUT035,1764.9827524580896
80,OUT035,3846.865626854505
442,OUT046,1566.1545979724478
1208,OUT013,3531.697431656913
326,OUT013,3508.4321610188626
1150,OUT018,632.029606129388
268,OUT018,1226.2953261852108
879,OUT046,2352.525001405089
1162,OUT017,4084.394310168909
475,OUT046,2880.6588912423103
477,OUT013,2255.352073182574
127,OUT013,776.9854827448694
1334,OUT027,4108.11169235135
1187,OUT013,3704.090478478609
278,OUT027,2936.784646172915
624,OUT046,3024.286673909952
37,OUT010,479.76189875803317
1046,OUT046,2129.7550447611256
88,OUT013,3820.5081178832233
1019,OUT018,2326.3241880388177
718,OUT017,3477.725495090812
1275,OUT018,2750.5916316796543
454,OUT027,2907.579089169175
1225,OUT035,850.0518542267199
1554,OUT046,2159.179714415747
1265,OUT035,743.4478116542934
193,OUT049,1416.1285160745829
684,OUT013,1504.8213864977863
1324,OUT049,3920.656200511478
1541,OUT018,688.8484495301252
251,OUT046,2965.520848079777
561,OUT049,3630.3615785567163
822,OUT049,3748.253313071134
1220,OUT045,1030.0847204574375
717,OUT013,1324.1767761711735
915,OUT046,1749.7864068128197
122,OUT019,628.0553501144659
1160,OUT027,5154.154791814988
95,OUT018,844.885901086905
1449,OUT046,3997.921051616075
1079,OUT019,455.75335383615817
85,OUT045,2425.4939668920724
143,OUT035,2094.095679878911
869,OUT013,3052.5051043581325
24,OUT018,3749.638910077919
1098,OUT049,962.5940074538643
836,OUT019,559.6788028212205
343,OUT013,1045.8904833138045
469,OUT045,1757.7576989700478
777,OUT045,745.7435088679163
1178,OUT017,4519.429510558568
1498,OUT046,1607.0636369682622
21,OUT017,1807.7375909637535
26,OUT045,3910.4231047187404
514,OUT010,700.8193576828253
1549,OUT049,1729.5274214048127
6,OUT019,373.95117342240724
1289,OUT045,2443.590550694665
628,OUT045,1290.9272942287591
52,OUT049,1717.6339977338553
1036,OUT027,3610.5269344781173
1051,OUT046,761.5326906904597
396,OUT018,2200.9725811228664
1035,OUT010,380.47917462705607
505,OUT018,1316.6936413311005
782,OUT017,3919.3452279794355
239,OUT027,4950.507595904943
381,OUT013,4006.9801015949715
968,OUT018,3171.280963118933
942,OUT013,3049.997675141684
1314,OUT017,4049.170807503171
954,OUT013,830.3430958739366
865,OUT010,332.4023562031766
1170,OUT046,2549.3361076658616
964,OUT045,2646.6280266808094
347,OUT049,2437.854381265181
66,OUT017,985.6362383519713
87,OUT046,2909.9461845626365
258,OUT017,3502.9041152844325
764,OUT035,4005.5453670575616
265,OUT017,2880.2183433867403
967,OUT045,2760.987930477998
537,OUT010,382.5269804131889
533,OUT017,2929.501033641109
1121,OUT013,3224.0345884148483
1346,OUT049,3811.438069862922
348,OUT027,3358.8189401761956
1056,OUT045,1326.114968713233
663,OUT019,380.00813448197755
648,OUT013,2469.8035296268363
168,OUT027,4920.077402407473
433,OUT017,3767.4128981414065
1087,OUT010,321.96722731148066
780,OUT046,1911.9881493072303
1392,OUT010,287.4058561782415
129,OUT046,2324.0360595243396
1055,OUT027,2365.804725409549
30,OUT035,1282.6807274490907
888,OUT010,359.421327231001
1549,OUT018,1465.8657617160268
1509,OUT019,458.09187007150973
125,OUT046,3261.138099689351
1064,OUT027,5247.715531624195
666,OUT027,6114.941141989648
1423,OUT049,708.7935271784631
962,OUT019,285.89794415443913
618,OUT013,1402.8177860941141
151,OUT046,2787.3101703403845
1284,OUT035,2167.723423921492
1387,OUT049,3035.924088340218
1283,OUT017,970.153435125329
199,OUT017,1748.9881190934843
1273,OUT049,3054.7802619496333
1484,OUT049,1951.9570626238092
236,OUT049,4587.466058963955
568,OUT019,542.3039859266893
326,OUT035,3757.1504779298175
1478,OUT035,2176.1390404261815
1262,OUT045,2663.9967692862847
481,OUT017,3610.4601910471256
785,OUT046,2360.6508086606136
389,OUT017,2983.016641479199
1087,OUT017,1454.9239855653009
1462,OUT010,356.5372024751416
1160,OUT013,3167.8208000651493
334,OUT045,3839.8613915664814
662,OUT017,2115.5545898031924
710,OUT017,2022.434194641305
800,OUT045,2528.8903995953083
631,OUT010,298.98432673396144
508,OUT017,831.547044848546
479,OUT045,959.9279253636901
474,OUT027,6037.136400770902
1161,OUT013,3709.5639762324336
886,OUT027,3000.0980745626575
9,OUT045,2689.8247523955397
456,OUT049,3631.093951395096
653,OUT013,2805.917698778231
1061,OUT045,2534.6156239946718
1356,OUT013,927.1346209203307
1543,OUT010,292.6345189947036
733,OUT018,1989.976251159062
1257,OUT045,1688.7278440017512
449,OUT010,353.463319418501
788,OUT018,3174.531078837189
880,OUT035,1740.4784799971521
673,OUT017,3387.044915787579
450,OUT049,1628.7289387927603
376,OUT017,1773.8406779081895
520,OUT046,2914.3792139453367
426,OUT010,303.52646130531804
239,OUT046,3112.306442482716
547,OUT013,3708.155497867047
1513,OUT045,2894.0862365655858
1291,OUT019,623.3692861197369
1271,OUT049,2574.0845233661757
242,OUT046,1942.5458885650428
246,OUT013,1408.4566410745829
1378,OUT013,2267.260219990181
185,OUT035,1960.9610056784575
1067,OUT017,2454.7951486638267
1318,OUT045,2040.6090817661463
683,OUT013,749.6006560847131
1182,OUT045,1434.0977229741552
245,OUT045,2403.5732105125353
1185,OUT046,1055.4253601864393
1330,OUT017,1550.4655811928178
182,OUT013,3623.7734585750204
1323,OUT017,732.5361114069788
603,OUT049,1472.0197969379496
1457,OUT018,3798.0935160406266
257,OUT017,2606.4597821437537
758,OUT027,1324.4304894020938
684,OUT010,348.4591966086068
706,OUT049,1524.081609024849
962,OUT013,940.0185320531432
927,OUT027,5085.614602153508
1218,OUT013,3246.2551595321183
776,OUT010,613.2313755050909
1002,OUT045,2693.790260801903
279,OUT049,3719.225443912982
1337,OUT013,1884.9649346252174
916,OUT010,615.2064822645799
397,OUT046,2854.0347666491007
1148,OUT017,828.701585864171
291,OUT017,1946.8464256744178
1109,OUT013,3305.0155056624917
584,OUT017,2722.536956000369
1263,OUT045,1566.3722360626953
1334,OUT046,2625.270831825242
1460,OUT049,3275.7331041089747
1070,OUT049,2073.2533563128104
473,OUT027,6076.544185478015
834,OUT019,478.17564082346286
1027,OUT046,1406.6080082620829
229,OUT017,3850.2148168427602
1253,OUT027,2959.0525097159425
1425,OUT049,830.3770619383897
1255,OUT013,3199.138618823846
670,OUT019,382.44971186501033
819,OUT013,2151.866637847177
859,OUT017,830.8929005614366
95,OUT027,1650.1001517691725
86,OUT017,1403.0236988789165
225,OUT017,3633.117442915983
759,OUT010,368.72040395531724
841,OUT049,2723.455377303981
1190,OUT019,461.6317565461191
243,OUT045,1457.2330379155615
140,OUT035,4122.9273571515105
1548,OUT018,2741.2097405516233
842,OUT046,2115.4435957932888
790,OUT019,390.23097516416544
1457,OUT035,3880.8736210851225
507,OUT046,2421.4432745287877
329,OUT018,1654.6035042094263
641,OUT046,2742.4690650305406
1216,OUT017,1675.1538752139973
1277,OUT018,1268.369807787839
969,OUT046,2755.9391518912353
752,OUT049,3322.0954051698445
37,OUT045,2261.9165241132787
619,OUT049,1730.7886040784447
1017,OUT046,2451.8443806507084
881,OUT046,2423.6869378116508
721,OUT035,1494.406405294236
1530,OUT035,3240.602518538416
741,OUT046,747.6952300593225
1472,OUT018,3772.7011728771895
145,OUT013,938.9007342015807
938,OUT017,1942.430224275163
305,OUT027,5925.905222615382
208,OUT013,948.1634600316588
764,OUT019,589.50725609044
1451,OUT046,947.6229632054869
935,OUT017,1350.1228210930485
726,OUT045,744.993203692135
178,OUT046,952.0571367894713
1359,OUT018,3659.785343682669
1147,OUT045,1626.4057557393235
1296,OUT049,3981.228979963481
678,OUT027,3743.962605542854
600,OUT017,3071.2515712892637
46,OUT035,3212.652390992188
1072,OUT035,1729.6362775168311
1149,OUT018,2942.371300250347
218,OUT049,2601.093623905401
1203,OUT018,2735.734638852733
1274,OUT049,2633.0361060417968
170,OUT035,3465.9287978014277
171,OUT045,1995.3830511016354
778,OUT035,3753.2544924487784
992,OUT045,2009.0889002328809
988,OUT013,2106.2727057610664
977,OUT010,473.75649714670504
695,OUT035,4423.529999274813
1069,OUT019,378.82571565873536
218,OUT013,2544.661180029633
596,OUT010,477.4492156525644
1417,OUT045,2082.056642968052
434,OUT045,3762.5098518266627
1289,OUT019,524.7556942062452
438,OUT035,2126.43657284833
605,OUT017,1609.0983845935416
289,OUT035,2172.7634196159875
1517,OUT035,4363.740147393794
287,OUT045,1141.2834738811043
749,OUT035,2018.4121496675211
794,OUT045,2802.6637897650426
640,OUT035,929.5338466088983
1492,OUT010,550.0453036757127
638,OUT049,2137.362127061244
72,OUT010,528.8161830344802
1305,OUT013,2169.3924901764362
400,OUT013,2032.0389632820734
234,OUT010,637.1235094551885
875,OUT018,2550.3678969478606
665,OUT010,519.8032971158148
618,OUT045,1379.40057092133
720,OUT049,1850.0175054115184
1409,OUT017,1753.4866262008481
439,OUT018,1311.3347546123505
607,OUT046,2597.8739042339307
1204,OUT017,2068.765753247307
84,OUT046,966.1120989476744
1538,OUT018,1493.1328515597768
356,OUT046,732.6434722468225
722,OUT045,2887.9603722147335
29,OUT046,1395.5143192972391
1078,OUT013,1459.2386690082621
378,OUT046,1745.1968855855657
725,OUT019,334.04272180376256
47,OUT017,1944.3908762839262
966,OUT049,2109.9357863327723
760,OUT045,817.5886097899522
167,OUT027,4526.956341145973
1209,OUT010,303.2363154312946
279,OUT027,5770.349122464631
686,OUT018,1254.481868334714
982,OUT010,368.64375788551814
291,OUT035,1784.474285023704
1283,OUT019,282.1264852422622
670,OUT045,1764.862387804574
287,OUT013,1291.7500880148245
1106,OUT046,1302.044329882111
131,OUT045,744.6411834284631
1137,OUT049,2969.986874270628
24,OUT049,3869.1268936413517
329,OUT019,385.9113207517291
679,OUT035,2824.832725406141
8,OUT049,851.7961598387803
1370,OUT046,3762.182748673866
999,OUT013,925.5982744847838
226,OUT013,1674.632203116595
877,OUT045,2052.3131848514586
864,OUT018,2400.4159399647315
1134,OUT027,5775.039073942788
277,OUT013,1619.390034495074
1310,OUT049,3561.6604570125664
1372,OUT049,3573.3110376927702
26,OUT017,3790.887317275695
354,OUT018,1938.618952740153
112,OUT019,657.6406162277472
197,OUT027,5518.57788438183
794,OUT046,2826.937232092854
1187,OUT017,3931.0411372874187
409,OUT049,3940.010772149106
626,OUT049,1751.2623589612572
1336,OUT049,1707.199870379975
309,OUT049,1995.9107978551924
247,OUT045,3376.938310712258
74,OUT027,2168.6511740139877
679,OUT018,2433.800349487973
254,OUT045,1838.8186894334317
102,OUT019,336.6729875021615
309,OUT017,1993.3409126012862
234,OUT013,2940.6683851314515
1202,OUT010,627.497654963001
1166,OUT035,1325.0598575459603
923,OUT010,388.5940764406688
5,OUT018,2215.99168739942
587,OUT035,3927.9543222129078
663,OUT035,1734.4143973768978
577,OUT013,2126.44199105363
705,OUT027,2234.819115439729
274,OUT010,605.6111758680955
1225,OUT027,1286.695064620667
1089,OUT013,2283.7525080722435
1124,OUT049,737.861856035885
1172,OUT018,1944.863480848928
183,OUT017,1430.6626957620829
255,OUT018,1327.3806307176883
693,OUT035,976.0224974572454
1558,OUT013,3179.5071789796616
1199,OUT045,817.9160023680772
1096,OUT045,1653.9773875602978
324,OUT017,3441.1651693616095
33,OUT045,2921.6556765972496
1368,OUT017,3069.130910483769
931,OUT035,2967.250645391972
353,OUT045,978.3816760921259
1260,OUT010,374.33527211937974
215,OUT035,1574.8714470025102
361,OUT010,246.77954667015126
714,OUT046,2746.3874649993436
187,OUT046,3524.252681352654
1393,OUT035,1063.866323869275
518,OUT019,373.49335004209513
141,OUT019,362.1373656252391
394,OUT013,3224.970786279536
1503,OUT018,2301.310432857519
597,OUT027,1741.3989547461024
1273,OUT035,3068.2004593946735
524,OUT035,1019.2857269454469
205,OUT019,611.6925893423931
856,OUT035,2574.765679877546
1239,OUT046,1705.3432262494803
44,OUT017,3369.8168831240955
1508,OUT017,3531.4192797013684
1347,OUT017,726.8732390925256
2,OUT035,2571.110923441716
1293,OUT045,717.4110808894006
345,OUT018,727.3916624207502
1412,OUT018,1708.8057333720005
243,OUT049,1429.1143559183329
1036,OUT035,2378.0270714077424
852,OUT019,353.5088967587119
1455,OUT049,2681.1110825698206
266,OUT045,2874.1548182525203
1393,OUT046,1050.1379808723982
551,OUT046,1568.3847005115103
487,OUT017,1330.0532410149235
876,OUT018,3020.108058521885
18,OUT046,1037.1280931770857
602,OUT035,1448.829269914299
486,OUT013,827.2891102782335
537,OUT019,374.80769831520564
902,OUT045,3744.72339018908
334,OUT046,3716.896240645342
800,OUT018,2312.2150615053724
217,OUT017,4306.698306143543
798,OUT045,1435.2525934907003
1453,OUT046,2496.994351059583
323,OUT013,2105.106590403755
379,OUT017,742.3027129694788
349,OUT019,594.7527163954393
59,OUT010,492.545788528541
1333,OUT049,3709.801249917803
1178,OUT045,4244.523932072856
709,OUT017,1551.0122120521928
788,OUT049,3875.5439135824695
1235,OUT019,659.2131565109503
685,OUT013,4439.548984491985
552,OUT035,2173.255256646884
303,OUT018,2666.9371886540266
82,OUT018,832.0149442114623
465,OUT017,1957.0192772369178
492,OUT027,4623.105366499529
66,OUT018,852.1644193091186
1512,OUT017,1605.6226792809807
77,OUT049,2965.329646452551
34,OUT049,2957.263790426175
909,OUT035,1023.57213441615
640,OUT017,844.1695424071397
235,OUT027,4876.318012845029
1213,OUT035,4138.014373187615
1184,OUT045,2234.8035935320986
363,OUT027,5696.029336252357
1256,OUT035,1592.5341872857657
807,OUT017,3450.8004728089004
367,OUT035,3274.2739458404194
1319,OUT027,3661.785987432095
173,OUT013,2090.0104256974546
726,OUT046,769.4755340144006
377,OUT013,3085.815928131499
315,OUT018,1327.019781774662
716,OUT046,3930.6891314353898
859,OUT049,828.810716723546
899,OUT049,2209.6488408912946
499,OUT027,1424.4969213645713
124,OUT049,3047.2649992184433
1063,OUT035,3191.11405162593
1258,OUT013,2566.4022576352636
487,OUT035,1347.3197932188662
884,OUT045,1028.8764379867343
944,OUT013,1747.2717540815115
82,OUT035,956.4571113448864
955,OUT010,349.91891571118015
73,OUT045,1170.0144161270514
1302,OUT045,2283.1139861340234
980,OUT027,2368.0587436460514
1523,OUT045,2104.548910977895
1037,OUT027,5550.673410593069
649,OUT035,1780.3375337569478
1219,OUT027,1752.71768033204
429,OUT019,258.7420863430028
503,OUT045,1437.3124446538427
894,OUT035,1450.6765624191505
251,OUT049,3168.58498716152
925,OUT049,3165.4215811615363
403,OUT045,4107.776823237486
1249,OUT045,1813.6768877497047
536,OUT013,2471.7167222633266
81,OUT046,2509.7357937243714
30,OUT010,316.73422329679784
1315,OUT013,1632.8028383892567
1470,OUT049,951.4096758519713
345,OUT019,278.22681717677665
935,OUT035,1374.4826350157412
1324,OUT017,3958.768779808747
1505,OUT010,616.2179263563768
459,OUT017,1728.8169200971365
1041,OUT013,2913.7222320974633
1495,OUT027,3821.2365981022017
330,OUT027,3953.953591637358
252,OUT045,1720.0905224727921
48,OUT017,777.3483977839319
1547,OUT019,381.3971148191119
1183,OUT017,3193.966262461623
597,OUT013,1039.7784838020857
1241,OUT049,3709.8574075864353
1321,OUT010,460.26096797190036
249,OUT035,1757.4181989035499
596,OUT013,2471.595149766742
937,OUT010,352.0478306830653
1471,OUT046,1185.4437772959293
115,OUT019,353.74710237748536
1466,OUT049,3191.754611702773
1307,OUT018,830.9755460181029
1171,OUT035,796.6083008498837
197,OUT017,3778.6837304794085
771,OUT013,1723.013108730097
1006,OUT019,374.0059416750438
461,OUT035,1422.7258918829634
713,OUT035,1970.8948507902846
1503,OUT045,2446.856315695719
1095,OUT046,770.5778899714319
433,OUT010,611.4886386886847
751,OUT049,1714.1415660932303
57,OUT035,859.825863412106
800,OUT046,2545.1468921282585
442,OUT010,344.5679307394662
1028,OUT046,1481.285971254356
16,OUT046,946.4198076879088
1343,OUT049,1571.3774373279166
380,OUT010,657.8597019211065
1147,OUT046,1673.8475440585867
1531,OUT035,3619.119345563844
655,OUT013,4420.520693905219
1485,OUT010,577.6741641493455
452,OUT045,2914.519885208303
1537,OUT018,2004.812489940049
1190,OUT046,2379.532123459633
289,OUT017,2182.6852630039148
350,OUT045,823.7195177959973
1039,OUT046,1408.5455692972391
366,OUT035,2359.2989085628374
1217,OUT049,1547.3425252185416
1363,OUT045,1019.901035154703
624,OUT027,4685.117765111729
1264,OUT018,2039.4820178196073
1143,OUT045,2550.046989666314
633,OUT049,2980.706197775443
344,OUT018,1268.997005053464
1078,OUT045,1381.577572874455
1298,OUT046,1527.6125538490678
207,OUT010,605.5802660469853
384,OUT046,986.1072315120477
1082,OUT017,2171.767924294475
386,OUT045,2999.0486781524814
1466,OUT019,611.3868930832159
3,OUT046,2649.1463889845504
340,OUT013,2682.9273402619865
1012,OUT049,3129.1987831885585
207,OUT049,3810.3558979400595
682,OUT049,1459.1632905902934
901,OUT013,3037.472448482948
1405,OUT013,3171.3064531410946
1386,OUT049,3080.5822037939633
614,OUT046,1408.3028935159891
440,OUT018,1378.9422060910683
759,OUT046,2083.8619294171863
398,OUT019,578.9937442274705
187,OUT045,3527.377225656334
1141,OUT049,4041.42204170153
530,OUT045,4208.989985085484
11,OUT045,2426.679121468177
790,OUT035,2157.5525455755997
1498,OUT045,1582.4252635099942
434,OUT049,3866.477828297089
1197,OUT018,3338.175217695785
122,OUT010,600.9106662765753
412,OUT049,3413.3256534894917
1335,OUT046,3393.1047951528726
481,OUT035,3685.2175792883986
169,OUT018,2222.230313732767
680,OUT013,3517.458032687018
953,OUT010,290.677823438063
845,OUT035,3849.805750604052
182,OUT017,3599.247933161869
667,OUT017,2358.0796120622217
1469,OUT035,805.813656380856
306,OUT046,1538.3015186928178
483,OUT018,3033.3614931118427
923,OUT013,2218.0132462864362
11,OUT027,3885.28056657842
949,OUT046,2318.0500571388093
1140,OUT045,1553.8926192234974
184,OUT018,1322.1377718309695
943,OUT027,4237.144232617727
819,OUT049,2122.4116323017847
1394,OUT018,1571.6424684025328
381,OUT046,3450.0885302197858
1346,OUT035,3864.221621269379
562,OUT049,3946.652185196468
174,OUT027,5624.56152848161
918,OUT045,719.7003570124475
243,OUT017,1432.4939945902079
282,OUT046,751.7750030085413
1482,OUT046,4016.911181855507
78,OUT010,577.7250064345018
571,OUT035,1175.2627255068
648,OUT049,2431.5516851052425
767,OUT035,998.5193541466986
1,OUT046,2419.9900638445706
1361,OUT049,2974.262605944291
324,OUT045,3280.3592468233664
732,OUT049,2240.804713430959
818,OUT018,1263.685725756589
177,OUT019,573.9841922255174
588,OUT017,2355.6889220471908
1058,OUT010,374.72958661436076
917,OUT027,5365.041369290078
1290,OUT035,2079.0965963108374
710,OUT046,1901.6040110495512
296,OUT019,318.0119485165244
1053,OUT035,3136.118110578808
1521,OUT019,380.37111501488755
1354,OUT027,2446.3146030210514
1316,OUT049,3084.51228332378
732,OUT045,2204.2182090727047
445,OUT045,2279.3815808243007
493,OUT027,5757.179413596917
1119,OUT035,822.7135239515151
1189,OUT046,3462.5813857502217
675,OUT018,2628.034271505493
507,OUT045,2434.1765445031106
1100,OUT019,390.5637940263852
1119,OUT017,757.7616668269006
327,OUT027,3764.4457305819146
964,OUT046,2673.8397456920766
493,OUT013,3689.6172344546535
1084,OUT035,3942.5669014360856
880,OUT027,2686.0974029441218
1530,OUT013,3213.3299227173775
110,OUT035,4068.7873278133416
251,OUT027,5164.052446180112
649,OUT010,363.52575838334474
746,OUT046,3162.8383244219267
772,OUT046,3043.369435607807
165,OUT019,622.7048862472784
566,OUT019,322.69255154386815
1338,OUT046,3405.6326100591173
410,OUT045,754.0272002741663
1079,OUT018,2184.7684718693863
294,OUT018,838.2049318486238
803,OUT049,3377.378666755794
251,OUT035,3357.2722203758763
1027,OUT035,1511.7522915247048
561,OUT046,3177.239104512439
713,OUT013,1989.1024728750776
665,OUT017,2680.0776714484373
1520,OUT027,4951.181718344118
493,OUT035,3974.794716150152
249,OUT027,2741.964574808454
1478,OUT046,2128.9205428363107
1418,OUT049,776.52420955151
1050,OUT010,295.69169155275495
430,OUT017,3870.5158830775954
1544,OUT027,4837.131511680211
642,OUT045,2125.273697299545
1430,OUT046,2884.7681541355078
548,OUT046,2744.3889733468004
639,OUT045,2795.3622649968397
659,OUT013,1941.5539560079155
645,OUT018,1297.785142077344
1158,OUT049,1798.4081835465347
756,OUT045,3588.323746542237
698,OUT045,2941.209303375867
253,OUT013,1766.2959561544167
711,OUT045,1314.487771447608
1153,OUT035,2569.882473616047
1033,OUT049,2170.641798213581
432,OUT049,1473.1784273090434
1331,OUT013,2828.8957871502917
699,OUT046,2488.346824222356
151,OUT027,4661.21304110227
260,OUT017,2117.0943893446492
1432,OUT046,2373.262266165194
608,OUT049,2161.3069572030868
1371,OUT013,871.7471158440055
641,OUT017,2851.094887915294
250,OUT010,541.533401820244
385,OUT046,1922.7382103423865
803,OUT045,3062.531520503611
456,OUT010,612.497031022669
777,OUT046,768.6955352351038
1452,OUT027,4936.370307998812
540,OUT027,5008.416821783687
1305,OUT049,2157.7529727548836
353,OUT013,967.5078357600946
481,OUT049,3639.1495518722736
563,OUT018,722.5118711609846
736,OUT027,5141.868079922298
383,OUT017,2141.855863001362
1507,OUT017,2690.4597745460806
386,OUT035,3321.3055534724
911,OUT010,480.78948664865817
1257,OUT010,345.6818100190869
582,OUT018,1387.9451074191518
1395,OUT035,2508.9519600720314
1151,OUT049,2686.9646197513875
769,OUT049,4103.095855203272
111,OUT045,778.030313067135
341,OUT013,2515.959284791559
39,OUT035,2438.599023264921
566,OUT010,320.3183907772666
509,OUT027,2964.4385244209584
1249,OUT018,1629.616431781346
876,OUT013,3731.585624314894
187,OUT049,3882.905492779128
1527,OUT046,2981.2824662164503
226,OUT027,2606.0184365094974
292,OUT017,3568.7361046901533
1516,OUT045,1788.2688412373661
1553,OUT018,1872.7383513461723
795,OUT013,946.2649004613463
1022,OUT017,748.3834014460413
272,OUT049,1660.4330500186848
1064,OUT010,662.2766771797978
1437,OUT019,276.5404027837661
83,OUT045,952.1436846410338
783,OUT049,3922.279562201449
337,OUT046,1331.4581568624808
1139,OUT045,1485.2990614282426
631,OUT017,834.0674611083116
1337,OUT019,373.81128413063533
238,OUT017,3897.6347907209197
717,OUT046,1323.2787659172673
1060,OUT027,2928.488711055792
212,OUT013,1559.7897389076616
1051,OUT018,711.3569028992658
484,OUT018,2617.453735826991
852,OUT017,1406.9377003437603
1068,OUT049,2117.9766427103496
345,OUT049,840.029222582921
603,OUT046,1478.781088441856
1498,OUT010,339.7752824240365
97,OUT010,688.0021884933722
1111,OUT049,4309.957965235494
39,OUT019,451.2751433869394
1521,OUT049,2159.7730664070036
741,OUT035,765.8162198574184
873,OUT018,2615.7112259565456
1441,OUT035,1019.9060882735719
1434,OUT035,3080.288181104413
441,OUT045,2716.4063331011344
509,OUT017,2050.1181509692697
399,OUT049,957.1940691625182
176,OUT010,320.4422463680869
502,OUT045,2483.901401724827
973,OUT010,296.77737177790675
579,OUT045,1578.9169722508411
853,OUT017,715.5248504206506
1084,OUT017,3764.298280265052
140,OUT010,608.8792026535284
61,OUT010,515.2004210969003
155,OUT035,2467.4882015782637
1007,OUT013,1417.3896855081766
559,OUT045,3906.3181968542085
931,OUT046,2876.227982132519
1461,OUT045,2127.336608647667
279,OUT045,3460.785297775151
1402,OUT013,1744.1448052503197
1537,OUT045,2244.9164802235473
1028,OUT027,2383.7152377866764
1558,OUT017,3280.505714811814
219,OUT013,943.8685076390807
11,OUT046,2425.2920639989024
1195,OUT013,1220.0534574717105
653,OUT035,2904.476373396713
70,OUT046,921.1200711662711
1022,OUT046,770.1442934736629
1449,OUT049,4074.0499801689
1010,OUT010,518.7861202316358
1348,OUT045,2863.740628253039
1226,OUT035,2061.338095239091
363,OUT046,3858.498875004044
784,OUT018,1320.1693072995577
712,OUT010,284.70723252101493
96,OUT018,2179.4465806923617
1200,OUT046,2768.0940511817844
1495,OUT017,2454.318763419432
1511,OUT045,2078.408630492423
620,OUT027,1570.570824713054
7,OUT018,641.535465504388
632,OUT013,2383.4440685756927
947,OUT049,4043.9605095168067
1422,OUT010,355.19941572481775
587,OUT046,3834.2765493513434
589,OUT017,2447.3259491392637
198,OUT018,3052.814171138291
588,OUT019,465.08547663889254
1174,OUT019,381.79167658669
529,OUT049,1793.8511331399536
1522,OUT046,3832.5882148405244
1540,OUT013,2265.581536122534
29,OUT018,1273.1898151120577
164,OUT045,3356.7480953420236
1307,OUT010,290.7963896255071
337,OUT035,1376.5740656798037
120,OUT027,1519.6226416026757
1171,OUT046,830.0213185301866
391,OUT018,2624.7976584522157
651,OUT035,1794.829294010854
751,OUT027,2647.866299309342
1191,OUT046,2595.178617074277
311,OUT010,277.39163498683524
984,OUT018,1756.4266735857434
1254,OUT018,3223.3803807196173
1348,OUT017,3448.2921749278908
920,OUT027,1020.8655263840853
1505,OUT045,2869.829546412823
912,OUT045,3793.7959249974847
1416,OUT017,2681.312153203548
562,OUT046,3563.942579639117
192,OUT017,3671.0337882558943
94,OUT035,845.6470812542407
937,OUT027,3130.387742234282
664,OUT013,2765.7999436758037
737,OUT013,3502.4317013072687
629,OUT019,594.23088890294
1332,OUT046,1966.4909811613784
1440,OUT045,1699.6218297262553
1333,OUT046,3224.8723386257143
1060,OUT013,1896.5297089468927
1377,OUT035,789.4516385353297
90,OUT027,5042.858928206097
138,OUT013,1254.7972929209293
1079,OUT010,474.04226374826754
1458,OUT035,2151.0301145151125
1419,OUT019,301.1759292236534
1167,OUT027,2915.447122256199
1149,OUT035,3916.404751634432
464,OUT027,2318.532752753299
189,OUT035,794.6984830410122
1285,OUT010,353.21687471635255
990,OUT013,3048.0830444826743
563,OUT010,295.38313584132743
849,OUT018,669.6677259402127
1455,OUT035,2494.528261162321
891,OUT019,286.323575391188
321,OUT045,2476.645000323522
984,OUT046,2091.7353408417994
418,OUT045,1698.975471203261
711,OUT010,320.87085049406346
630,OUT019,611.2398000357525
1000,OUT017,2639.429331325833
1046,OUT018,1804.4024951360605
924,OUT027,1714.4051444449537
1148,OUT045,815.2173939696397
1504,OUT027,4054.3677457635404
1510,OUT049,3250.2155430457788
930,OUT035,4142.453488473035
1445,OUT027,2688.7851470847468
1259,OUT017,2979.6371756799585
250,OUT035,3169.2199123904975
974,OUT035,798.8630948574184
904,OUT045,1902.3349320061964
694,OUT049,2876.3558366644297
1516,OUT018,1581.1021160453092
756,OUT035,3955.8956101298186
514,OUT046,3429.0437770391654
432,OUT045,1476.8426288443068
1508,OUT013,3345.6714008953204
715,OUT010,594.0530703993455
947,OUT027,6337.969245569106
286,OUT010,616.4641726942674
157,OUT013,3575.1424238548525
1486,OUT019,331.67960840044225
738,OUT019,348.8381515718213
797,OUT049,2425.306004523433
577,OUT010,352.2508288083697
543,OUT013,1971.1311913511217
1105,OUT018,1796.9259290341065
1290,OUT018,1822.9866037225602
803,OUT018,2990.2797237983914
605,OUT046,1538.9769337318803
29,OUT010,328.34391873136815
801,OUT027,2729.8686605254616
1282,OUT046,2037.581385026167
906,OUT049,2427.212703230245
700,OUT045,1152.3468283732918
1494,OUT013,830.8843370181885
1007,OUT027,2381.843777825739
329,OUT046,1996.3643942473159
907,OUT019,328.91183560148534
948,OUT027,2372.8731967710514
1216,OUT045,1627.0374507709812
263,OUT035,1329.3860860195484
53,OUT010,521.7059002652288
1556,OUT018,3474.5385332004935
1391,OUT045,1393.6902437728925
1511,OUT018,1924.3248991977348
109,OUT035,1406.119291610203
898,OUT018,1641.1738828791354
1026,OUT019,376.8033280783334
1327,OUT018,3042.3173203369242
909,OUT013,954.3517383479852
1425,OUT046,752.6475616022913
260,OUT046,2104.7403473859363
662,OUT046,2202.5134831133005
1338,OUT013,3813.46998435907
791,OUT046,727.9901824519006
239,OUT013,3104.4349069504715
1238,OUT013,3190.7829134015983
92,OUT049,3276.9704506740777
271,OUT035,2472.8576184497088
17,OUT010,330.22330957231725
1061,OUT017,2601.9126639655246
296,OUT046,1334.739154100861
820,OUT049,3544.5099129484233
1172,OUT019,416.97796333790865
807,OUT045,3016.46979257576
130,OUT027,3384.13806415446
1478,OUT018,1981.589120389141
1191,OUT035,2745.4887094955534
1299,OUT045,2691.033193371225
1304,OUT049,2567.9529367838404
1440,OUT046,1761.414299540692
1316,OUT019,598.5271914930955
365,OUT018,2185.721006661526
206,OUT017,2446.361652134946
1340,OUT049,2823.0305582724823
989,OUT035,835.249394509923
914,OUT027,4104.402404927792
1503,OUT035,2493.377335698561
540,OUT013,3444.1354987346504
614,OUT049,1402.8977421488016
468,OUT035,3212.188098609583
668,OUT018,838.2398892798217
278,OUT017,2095.6469690191157
742,OUT017,3986.182106250604
210,OUT027,5012.824283708686
15,OUT045,2371.311529211969
1328,OUT018,1784.466958972428
515,OUT049,1335.2303040032048
613,OUT045,728.3950896784631
1327,OUT027,5955.262639269262
1415,OUT035,2125.7483097354757
1084,OUT013,3870.935613482044
469,OUT013,1867.1685798590743
1059,OUT045,2532.506359862219
1056,OUT046,1337.1214172844548
1378,OUT019,384.01580513478365
765,OUT045,1448.5882625249365
974,OUT045,715.6174102351038
947,OUT010,665.4547031418097
486,OUT035,852.4650927521105
685,OUT046,3922.340264148683
1071,OUT035,1442.4335814621193
680,OUT049,3571.6067453043584
133,OUT027,4180.115432976763
46,OUT049,3219.500034311868
760,OUT019,281.34149460597587
1532,OUT027,4829.256456992116
569,OUT018,1649.805775257309
1244,OUT049,1428.8479374613016
908,OUT018,3030.104724913802
1477,OUT018,2780.518619096138
1480,OUT035,1677.9307842089813
1041,OUT046,2780.4104517209653
32,OUT017,1534.376582835729
690,OUT013,2568.764213457729
557,OUT013,3192.814907281357
1147,OUT018,1403.863276339612
1091,OUT046,3035.0097811910846
1138,OUT018,2786.966183567467
119,OUT019,363.913357625018
1007,OUT017,1438.2286137308329
1213,OUT046,3650.601768822299
655,OUT045,3852.2745227037935
1510,OUT010,603.5267337294237
464,OUT045,1362.957191713945
411,OUT018,917.1037525755504
1284,OUT045,2058.5476198413103
878,OUT049,4047.7102161433963
743,OUT035,4126.397408241153
171,OUT013,2108.7357759105116
140,OUT018,3683.5980585647376
1189,OUT010,657.709189225794
1182,OUT035,1504.9907558801735
1337,OUT017,1852.5203740638622
1470,OUT019,274.1884130376724
1438,OUT013,2475.0639555272314
1318,OUT019,370.2775449883842
150,OUT035,2816.747702792086
685,OUT027,6326.97125849588
437,OUT046,1772.187032667703
1198,OUT017,3568.2528636737
1434,OUT045,2799.1589506693617
220,OUT046,2472.8351827165557
431,OUT049,1472.2088838520121
1175,OUT027,1736.842754424759
780,OUT019,379.92561823708064
743,OUT013,4124.771639657081
1323,OUT018,609.5477335707942
1173,OUT027,4732.603120545338
1198,OUT045,3280.247919381837
1507,OUT049,2636.048596796625
1495,OUT049,2425.0458905981645
532,OUT046,725.1014495417444
843,OUT013,2608.469101881754
657,OUT013,1949.0016364577336
510,OUT049,1915.5286936667387
1222,OUT027,4035.743261679836
785,OUT017,2419.0186620612
1176,OUT027,1309.339974265375
577,OUT046,2077.221485238404
289,OUT049,2157.675838163571
897,OUT018,1535.8087595733782
494,OUT049,1729.7134044721365
529,OUT045,1729.5665891189387
321,OUT013,2520.129439753304
102,OUT013,1540.1166951404166
275,OUT049,764.0995879694788
349,OUT046,3067.2051109033137
1156,OUT035,2444.7401900920804
124,OUT018,2735.773616761341
418,OUT013,1728.0829723432303
229,OUT046,3552.792823184129
1031,OUT045,2645.1530756936854
61,OUT017,2308.5831013980933
485,OUT013,2821.09134547501
975,OUT019,370.583407415142
393,OUT019,375.9422972658641
824,OUT049,1606.8624837146353
1304,OUT017,2482.5875424305877
323,OUT046,2090.4564050548856
1436,OUT046,1730.4129937268822
1225,OUT013,821.3213063231553
958,OUT017,1585.6802327380728
437,OUT010,364.75964510209474
290,OUT045,1887.0987141358241
1389,OUT013,4320.495886663204
545,OUT013,958.1728748225946
674,OUT017,1570.4551350818228
1393,OUT010,307.4500359247296
12,OUT049,1443.2605334168634
955,OUT017,1681.0161685373846
306,OUT027,2673.851127031601
1295,OUT018,1622.5506194958202
1548,OUT010,620.0262759657518
586,OUT049,945.2568897151727
580,OUT017,1721.9117730237572
277,OUT035,1601.8581988776732
850,OUT017,2983.0929308244376
1180,OUT017,3314.656821127789
988,OUT045,2002.0273136777928
668,OUT013,918.0941922600211
457,OUT013,2514.7138940392424
331,OUT010,286.70282273097587
1116,OUT017,3000.3021448327586
814,OUT049,1993.7737570402846
1042,OUT027,1748.5627372183912
1019,OUT010,492.5983855744394
1178,OUT010,633.5868442550909
1388,OUT027,6006.410101127776
42,OUT017,776.2179656550256
1119,OUT046,756.8834292158504
381,OUT045,3498.3789898291634
1136,OUT010,328.3197298604032
163,OUT049,1747.713713941726
443,OUT018,2591.9860818845486
225,OUT010,601.9045949576275
944,OUT019,363.7897812104932
899,OUT010,404.62420357228365
1499,OUT046,1368.6868283505814
318,OUT049,1525.99320046263
595,OUT035,1482.816073262986
269,OUT049,1544.1475880287553
1239,OUT049,1720.2995861127615
1028,OUT045,1403.4674044174237
824,OUT045,1593.9943037938099
208,OUT049,914.0919034416618
1475,OUT045,2725.0884827373147
732,OUT018,2132.2032955330305
466,OUT045,2034.2289746930978
652,OUT027,1042.6305837338718
179,OUT017,2414.6499632308855
1011,OUT017,4261.8262695923095
455,OUT035,1427.0295699305154
417,OUT019,256.0048732082372
926,OUT049,3779.286244706608
120,OUT045,928.2724688207213
955,OUT018,1569.6024432043878
506,OUT017,1043.8426927864607
48,OUT027,1188.0276052415072
1371,OUT049,838.0183583251085
195,OUT045,2484.216198936435
643,OUT035,1686.5232814618166
307,OUT018,2241.9881353449737
842,OUT019,372.9199736574657
1062,OUT010,347.79194795854005
618,OUT049,1403.4940556253641
1003,OUT018,1649.942554502395
1223,OUT017,2177.107297198245
1371,OUT010,284.00252060695243
842,OUT035,2118.4563278212117
376,OUT013,1737.7407482221365
527,OUT046,1718.358001051101
756,OUT049,3907.5148005863075
403,OUT046,4135.495695307798
422,OUT027,4524.0670134931925
1523,OUT046,2126.8062067409082
76,OUT017,1201.9149224523258
845,OUT017,3794.4483898254075
766,OUT035,3569.405282753319
403,OUT035,4282.899998098175
101,OUT017,764.9859099909631
1205,OUT027,2584.6116982282474
191,OUT046,2798.349873133926
659,OUT019,375.3420916257525
1303,OUT035,802.0634732753872
1144,OUT013,2081.3139611275014
1245,OUT045,3055.697374381765
45,OUT049,4185.558402129236
118,OUT019,352.36329938291544
597,OUT035,1083.293204951341
1449,OUT035,3996.05401211942
919,OUT019,557.7493289442674
523,OUT035,3256.033536652001
381,OUT018,3129.764870405633
168,OUT035,3587.441496143276
1437,OUT017,961.6155474340026
1238,OUT045,3060.6757828423733
1457,OUT013,3868.781305654373
771,OUT010,359.5098129487744
599,OUT027,3174.581231927644
3,OUT035,2606.520352492249
529,OUT046,1771.1951185036883
707,OUT018,2352.8399380006663
697,OUT018,3366.562227711289
188,OUT035,2115.817397661962
357,OUT045,1660.4152016468206
152,OUT013,2129.8765933624
1351,OUT017,2201.012669733403
1247,OUT010,279.38154353083644
1022,OUT049,764.493691973385
682,OUT013,1468.000570863731
1013,OUT017,2465.9330277520935
47,OUT013,1932.846929352398
869,OUT035,3136.4546326142445
901,OUT046,2996.7331097258484
930,OUT013,4072.799642713965
1131,OUT027,6340.802002418202
550,OUT046,1651.8436335147785
0,OUT049,2199.3204345153918
1194,OUT017,824.536107151466
1506,OUT013,2961.0149965178025
293,OUT013,3201.6842190156335
828,OUT018,2385.509781668831
1449,OUT045,3951.95469709
757,OUT045,2560.602513602838
1515,OUT019,386.6928878999463
664,OUT018,2489.1871562571623
1228,OUT018,2794.9809615950603
1237,OUT049,2097.1620347642365
1388,OUT013,4218.528013855551
1354,OUT046,1399.5282353128641
947,OUT046,3839.7254972635383
1059,OUT049,2821.0219286252623
1237,OUT035,2100.390357258325
670,OUT013,1872.8619761550701
879,OUT019,503.0144374923779
1261,OUT045,2056.618548352478
307,OUT046,2384.755425105857
508,OUT035,859.6117907501574
969,OUT010,616.882538172783
169,OUT027,3708.6788496121094
1527,OUT035,3083.494891046781
1293,OUT017,719.214395098385
769,OUT019,619.9868076339972
342,OUT049,2066.8821626219037
222,OUT035,3511.3177251899388
429,OUT013,725.6293731257288
471,OUT013,1232.875112745148
393,OUT045,2089.7869449386862
641,OUT019,563.190887782158
200,OUT013,1498.7252412738871
1478,OUT019,382.46295766625474
95,OUT045,976.0422595882196
711,OUT019,320.1266946102744
167,OUT046,2754.726194398332
1150,OUT049,767.8097014948694
1112,OUT045,3161.804271992222
435,OUT018,718.9502561707502
186,OUT019,566.970672938408
368,OUT019,568.2898488638775
343,OUT046,985.0566944026727
1501,OUT046,1823.4830881998912
1440,OUT035,1792.0627368821138
669,OUT027,1673.9013300841477
999,OUT049,961.0716174983759
1389,OUT017,4246.801418047788
971,OUT017,2556.469250147918
373,OUT049,2103.78305300942
864,OUT049,2513.565852712078
525,OUT013,2104.720666717107
69,OUT035,1015.3190977990423
813,OUT046,3912.360477633325
105,OUT035,3254.3170295157797
737,OUT046,3180.3594124920182
825,OUT027,2693.3755990637296
1058,OUT045,2002.8787959417143
927,OUT049,3299.754882436492
522,OUT027,2677.5451568503718
443,OUT046,2771.9179281971865
1078,OUT027,2357.2945834898014
613,OUT049,749.5573821589319
1090,OUT017,3124.0968495106113
605,OUT049,1565.4196126208853
332,OUT046,2214.147807121727
1145,OUT049,3768.1994641323477
765,OUT017,1417.6992558206766
1162,OUT045,3503.924859238825
807,OUT049,3207.949992046562
572,OUT027,3936.357274922697
1187,OUT045,3377.3179595210086
780,OUT017,1927.462697647074
677,OUT049,2792.9350950364924
741,OUT017,747.1193938776819
860,OUT013,2393.076797735109
1254,OUT010,622.8527744308722
598,OUT018,3597.903547339594
1223,OUT035,2176.5871555966824
564,OUT013,2354.3353450962336
119,OUT027,3312.603063589081
832,OUT013,2388.6432234360145
793,OUT035,4345.675718562821
314,OUT013,2899.4677579462286
1474,OUT046,710.9083648249475
463,OUT045,1037.2820471175937
466,OUT019,370.0685942629344
832,OUT010,517.8587368087842
526,OUT035,2121.1280856772555
1097,OUT035,1523.254793966111
792,OUT018,1419.1851147185182
757,OUT013,2682.753520382346
319,OUT027,5008.649492710032
268,OUT045,1338.0547270140144
181,OUT019,540.5294476285101
491,OUT018,2896.195320308333
1509,OUT013,2476.304960838855
843,OUT045,2598.02920997379
449,OUT017,1636.5142171130728
773,OUT019,366.99133455521974
882,OUT018,1150.7668313882368
652,OUT045,757.8058257624475
531,OUT018,2632.76464241569
75,OUT017,1401.7282475198954
12,OUT017,1454.6022082215509
31,OUT013,1481.9969846423176
1529,OUT049,1983.2605902238524
828,OUT017,2511.1904437471158
140,OUT045,3714.973522740641
15,OUT019,454.53306269846286
809,OUT027,1001.4883596360385
591,OUT013,1864.4463129569567
638,OUT035,2142.2655044120975
1420,OUT013,4130.88364819791
304,OUT035,1741.1499887862146
351,OUT049,1477.8902803363871
1492,OUT019,551.8797915907518
524,OUT018,844.0249391728426
326,OUT046,3495.024908178234
1222,OUT045,2623.184814563123
143,OUT046,2100.0279799404043
566,OUT049,1371.9457768167704
353,OUT049,972.9567798518915
452,OUT013,3130.5961976408375
86,OUT013,1325.8000671867985
88,OUT046,3494.4368499234392
14,OUT049,2698.685034425673
880,OUT019,368.4515548921338
472,OUT018,2925.35393531696
1227,OUT018,1661.5267395386923
1535,OUT027,5354.362811087953
1429,OUT019,519.384984914363
391,OUT013,2823.968682116105
489,OUT035,1498.7247036340798
98,OUT049,2944.6965688266487
214,OUT046,1415.0154179300516
1184,OUT027,3296.3023207465258
114,OUT017,2585.569668365585
1203,OUT035,3269.2393130046185
403,OUT013,4132.517035603756
351,OUT018,1280.0881915769014
140,OUT027,5641.271629501316
691,OUT010,371.6711943605907
584,OUT046,2689.3708287062127
864,OUT013,2477.6718225711675
23,OUT035,877.2801684124438
802,OUT027,1048.599883050278
600,OUT049,3110.1528597396546
610,OUT045,814.2947255126085
598,OUT049,3916.6791231983416
1413,OUT046,822.9122181883897
699,OUT035,2603.0295645963406
218,OUT045,2537.72436769556
492,OUT035,3170.4652465052377
505,OUT035,1526.8000820520485
444,OUT018,1820.656795578262
796,OUT013,1788.923485779261
943,OUT046,2705.4107232411825
273,OUT045,1953.704459036771
365,OUT046,2351.077430099013
804,OUT017,3270.8062823198743
1401,OUT017,2694.909028849116
904,OUT035,2116.3950088105494
483,OUT049,3577.6113868115654
1311,OUT045,2716.8863810333673
1243,OUT010,644.665253016533
830,OUT019,381.58911616188533
765,OUT018,1298.0066296123505
1112,OUT019,589.2396853895799
220,OUT017,2515.6375289778284
635,OUT018,2650.427197760434
1057,OUT013,4558.855756800927
1487,OUT018,2430.4324455402293
692,OUT049,4011.3760386615672
929,OUT035,3210.5632689257923
297,OUT049,3752.6876215234415
1127,OUT017,4399.631097252162
468,OUT013,3063.85197960621
75,OUT046,1369.9130619730204
1377,OUT049,781.4296660944788
1109,OUT045,3024.1877291802466
369,OUT019,570.458221766533
446,OUT019,383.8277863359555
508,OUT049,831.5702076903428
995,OUT017,1617.4063069568228
113,OUT018,3543.8580346565095
356,OUT045,724.0397124811975
506,OUT035,1037.067876212029
73,OUT035,1345.079741949335
563,OUT049,866.4661122313585
686,OUT045,1375.6840792221112
976,OUT017,3953.0683927823147
1489,OUT027,6189.527065955237
898,OUT027,2949.6270659185748
555,OUT017,839.0919972411241
44,OUT013,3389.2390641195943
681,OUT010,367.84773409135255
1406,OUT045,2630.009956950332
317,OUT035,1385.4499201719912
626,OUT045,1726.7914426345637
696,OUT018,836.8427945532592
995,OUT013,1593.7180134997916
1269,OUT018,2671.5159608245467
1431,OUT049,1608.4993245349478
484,OUT046,2752.2945950778153
1228,OUT046,3124.8868776916906
1055,OUT046,1385.9306202656353
1030,OUT045,722.7853484675256
1232,OUT035,1417.5576461023904
703,OUT010,584.8239675162213
1098,OUT013,959.2584595516737
1110,OUT045,2574.5093501605234
951,OUT019,282.40567307277274
1482,OUT045,4088.27193292504
1289,OUT017,2391.9078809710836
160,OUT017,3219.690490569818
814,OUT046,1991.3515158293471
1312,OUT049,1314.4873316671683
306,OUT017,1546.3690549548176
1441,OUT017,1014.0156359016952
857,OUT035,3223.357006887676
124,OUT013,2951.9863026039075
857,OUT019,582.7008059950487
1131,OUT010,625.994481134876
1034,OUT027,3882.8606347354876
808,OUT027,3081.0357057472347
137,OUT045,1770.6738323010613
222,OUT010,590.2141652701275
654,OUT010,605.7264621750128
1074,OUT045,2419.686606843166
530,OUT019,684.9260166183722
646,OUT046,957.8549883519713
1074,OUT035,2643.3902321244777
1205,OUT049,1727.969817457351
1308,OUT027,5295.154290041949
693,OUT045,928.2717669164244
795,OUT010,293.8923314947036
1533,OUT018,2290.7729640166617
342,OUT046,1929.3135447409575
1477,OUT027,5167.9019939002665
1451,OUT027,1654.567175661242
1134,OUT017,3894.9147100917226
471,OUT035,1216.8661060039249
270,OUT027,3123.248643327697
242,OUT013,2044.6192346002686
533,OUT045,2820.1543691967518
1024,OUT010,263.5844755630071
1126,OUT027,6306.518280010664
606,OUT019,326.33866970793065
4,OUT046,2664.3067494539764
393,OUT027,3364.1232131269508
945,OUT049,2796.448959992378
1356,OUT035,985.2559394698864
945,OUT018,2560.508737940026
499,OUT046,827.1900197020616
11,OUT019,451.20197749338473
1549,OUT017,1748.571427752469
540,OUT049,3584.6075599326946
1125,OUT017,3298.511943865918
322,OUT035,1802.9123431170005
1364,OUT049,2060.646398173833
33,OUT017,2925.182300755506
1062,OUT046,1739.5454573629095
1200,OUT017,2858.0578926453904
1045,OUT013,2456.25403654026
359,OUT019,656.2676914230597
172,OUT035,3138.9662975446627
878,OUT027,6078.810525373114
1005,OUT013,2258.0684084863433
492,OUT010,598.5760196180955
461,OUT046,1412.9641483988016
1226,OUT013,2071.9857109939257
904,OUT013,2199.39779916494
329,OUT017,2000.4182882902846
164,OUT049,4015.782610935824
1026,OUT046,1695.0913795078054
609,OUT019,375.3420916257525
688,OUT013,2288.6859366402905
1355,OUT017,2022.3070822355971
715,OUT045,2732.854831860689
1161,OUT018,2917.2930372203064
937,OUT019,365.10039044736857
287,OUT049,1215.3273832529605
1532,OUT013,3050.100663701255
1332,OUT018,1667.79533770552
1512,OUT049,1593.7491441247307
1481,OUT035,1819.0751627040518
259,OUT045,1675.4864907093206
348,OUT046,2159.988073648055
62,OUT019,599.8813999191534
261,OUT049,3629.134761711144
445,OUT019,527.9413936691358
1049,OUT027,4910.415465679818
1378,OUT045,2156.6473019126415
1547,OUT035,1927.4279676278968
463,OUT013,1032.4164232552107
1297,OUT018,815.5749417700561
496,OUT046,1315.4576075460745
24,OUT027,5752.657821842542
657,OUT035,2024.8686869028907
703,OUT027,6486.428612723029
1168,OUT046,3909.7237329023246
1135,OUT045,1466.870748080867
1117,OUT017,1931.8003611472075
442,OUT027,2611.8175576956637
1535,OUT017,3592.8592931241365
290,OUT027,3222.3424462567177
66,OUT019,290.89729060114894
36,OUT018,3714.0869277810248
197,OUT013,3843.7252982193077
454,OUT013,1946.803960602398
1377,OUT018,646.4336283461848
309,OUT046,1970.4638374059737
1498,OUT027,2713.020969250072
375,OUT027,4835.979307975038
75,OUT045,1348.4158907455487
51,OUT035,2460.7266997864463
1546,OUT019,439.25672615529146
450,OUT017,1571.8353932045366
1353,OUT027,3004.1319137953524
460,OUT027,2614.3637002737887
1221,OUT018,1228.87961461561
551,OUT017,1542.0948536537553
50,OUT018,1143.9360208413618
1402,OUT027,2735.9189361472468
1275,OUT035,3166.921745562542
1550,OUT035,3762.3572099408716
1006,OUT049,2115.4603132502184
1283,OUT027,1710.19085001136
742,OUT013,4139.394689548327
367,OUT046,3223.9875364204117
1406,OUT049,2811.1821301916993
127,OUT018,654.1484415786067
436,OUT046,2425.9075459926476
277,OUT018,1438.8466455510522
339,OUT018,835.8686734595092
81,OUT013,2572.8013749570373
1472,OUT013,3883.5616889698676
734,OUT035,989.9431060958375
1521,OUT045,2105.360922696645
1144,OUT017,2065.472636067174
1373,OUT045,1561.8255415867786
1435,OUT010,286.6461614507583
1341,OUT046,2131.1310615268562
952,OUT027,3092.514044195882
62,OUT046,4132.679091898179
1154,OUT010,290.7830785650161
58,OUT049,2946.793250820704
997,OUT049,1354.2335999016423
548,OUT049,2846.648779493179
45,OUT027,5618.299588700047
264,OUT035,1959.2267468694008
742,OUT046,3802.6950307336338
1236,OUT027,1349.156246261292
1184,OUT019,410.67310799122896
63,OUT035,2656.3185293081083
689,OUT045,3512.0042055499134
1067,OUT049,2431.4858140937454
1136,OUT018,1363.4449931515628
726,OUT017,757.6652007624475
536,OUT027,4028.304079577657
1540,OUT010,408.5008147219188
328,OUT018,2642.5847601637415
935,OUT010,320.2114877010947
812,OUT046,825.7796498290147
339,OUT046,979.8582996272821
224,OUT013,3311.1014419343674
1327,OUT035,3357.532811061276
1376,OUT018,3365.1509920303015
946,OUT019,258.1272181789403
273,OUT049,2104.6687660442567
521,OUT049,3610.8396434215783
1262,OUT017,2796.0415405304484
1025,OUT027,4732.043953494742
830,OUT010,359.8786364255572
478,OUT018,3717.7252347431286
386,OUT018,3045.722578499695
1282,OUT019,370.30414418969224
1368,OUT027,5025.366981460104
1130,OUT017,2472.6816110240024
611,OUT045,2010.9787258217
1309,OUT035,759.2245145351528
89,OUT049,2473.386184038809
330,OUT013,2618.0538021632046
1182,OUT019,335.4326448994657
1425,OUT045,752.576941178741
1475,OUT017,2778.256260912211
126,OUT017,3313.0758905187354
709,OUT010,359.1274151425728
518,OUT027,3293.373958331197
1531,OUT013,3586.93990114531
429,OUT049,731.3465362116663
312,OUT045,1652.7766273089164
723,OUT017,4002.5064490934988
276,OUT019,296.79702078801085
880,OUT018,1401.8259667941518
225,OUT035,3670.0087499369433
1028,OUT019,333.3562325741416
209,OUT013,3242.8289366062727
171,OUT035,2104.949523495784
685,OUT018,3295.151451795734
718,OUT019,584.4607852430955
210,OUT049,3099.4289365875943
94,OUT046,867.9586964598741
459,OUT027,2731.846565798899
475,OUT045,2810.19749351295
983,OUT018,624.0853312270442
283,OUT049,3000.544184777147
284,OUT046,2514.243257902082
672,OUT010,579.6542056532518
180,OUT018,2833.953741949964
649,OUT046,1730.4920516011907
363,OUT010,646.2792897818463
893,OUT018,1973.0075316323152
1390,OUT013,2535.665431048515
1235,OUT045,3677.632880198128
691,OUT013,2066.008211118259
533,OUT049,2932.6929057858947
408,OUT019,636.6743381515753
1245,OUT035,3262.7018002406567
1436,OUT013,1756.8291314221947
966,OUT035,2103.1920072608236
1097,OUT049,1490.6140352191996
1372,OUT018,2778.971043820886
179,OUT046,2244.6018968227036
1111,OUT018,3332.539610484991
1201,OUT017,3400.27933681592
798,OUT017,1435.1929691995829
622,OUT049,2984.148269854627
437,OUT018,1418.046975094933
1462,OUT035,1736.9268212990673
943,OUT035,2868.4488888022606
1495,OUT018,2261.0388331572867
94,OUT010,275.5009794692571
1460,OUT046,3110.98553583406
1409,OUT049,1701.3974338567714
136,OUT027,2954.366242202107
989,OUT018,718.6491087098127
1200,OUT027,4420.453708623829
421,OUT035,1961.2465721587928
119,OUT018,2138.6990220986117
1283,OUT049,955.5334246312682
559,OUT049,4037.7845038549917
724,OUT045,820.0512867919053
919,OUT013,2727.873346287746
1093,OUT027,2689.761849002024
821,OUT035,1805.1465111445798
387,OUT013,3068.683600742466
176,OUT018,1282.7631603740692
1497,OUT018,2489.6118892789773
1215,OUT035,2264.734993657188
763,OUT027,2695.3358041418546
1463,OUT045,3308.545758090859
1288,OUT017,2913.4038681147204
819,OUT018,1791.5541124849478
418,OUT046,1723.7595470502615
776,OUT046,3519.957023102081
619,OUT045,1661.2029824085394
1256,OUT018,1292.144761217969
48,OUT035,846.6070828945278
380,OUT017,4611.708175440862
1110,OUT035,2718.3055559948248
1184,OUT049,2595.6465333870137
401,OUT013,2401.8711062757334
189,OUT017,755.2407928034631
608,OUT019,367.88217763695786
1140,OUT046,1557.7051350818228
1465,OUT013,3097.004741202987
455,OUT045,1318.3875517210456
1010,OUT035,2552.7293264832033
966,OUT010,388.19720746397013
546,OUT045,1613.0202533986403
656,OUT049,3038.1197036965214
349,OUT013,3178.84884559411
479,OUT049,841.5005055419053
646,OUT049,971.0649036311884
1514,OUT049,982.1772507324715
952,OUT013,1985.2843576407026
1215,OUT013,2466.1455760726076
962,OUT017,951.0693438207213
1064,OUT018,2500.860208610602
970,OUT013,2081.3528645360893
1405,OUT027,4904.684432463536
502,OUT018,2363.3842973893684
298,OUT046,2580.238044900115
1105,OUT027,3160.528676375925
959,OUT027,2938.276824591097
709,OUT013,1556.459834788854
1456,OUT018,1450.2239330778932
1519,OUT013,1787.223460945353
478,OUT010,596.2739170089972
1339,OUT010,601.8079152701275
950,OUT049,2062.7755189728323
1327,OUT017,3315.8877134289614
1397,OUT035,790.7851834804653
218,OUT017,2591.2073032697463
206,OUT046,2421.9409749480596
275,OUT046,767.8206850752254
1345,OUT013,2156.6016768862137
162,OUT010,374.06680452592286
61,OUT013,2309.8766630083965
1033,OUT013,2187.6795226680824
1326,OUT019,368.8021408296338
417,OUT045,721.3332305476038
986,OUT018,1318.8266756395633
161,OUT049,3079.950444916169
1194,OUT046,842.6349659911241
516,OUT045,3263.48049379416
1522,OUT018,3502.6860018141224
576,OUT018,2797.512895065506
383,OUT046,2112.462660277374
768,OUT049,2081.0878775317697
984,OUT027,2987.396370727116
635,OUT017,2976.947481266867
1385,OUT046,3748.8892703573256
516,OUT019,629.0847476454393
488,OUT018,1683.0174446391138
114,OUT046,2509.4134552305004
138,OUT018,1057.6337199441446
149,OUT019,363.8638029229545
1434,OUT013,3113.306318928933
704,OUT045,3253.6200802611893
1099,OUT045,2772.402133314605
1511,OUT013,2179.680284778735
330,OUT046,2547.2818926499676
1274,OUT018,2347.5537836241283
46,OUT017,3188.4925400228512
194,OUT013,3935.6904788812953
753,OUT027,6345.9718891550165
748,OUT046,3290.1041523214717
1485,OUT018,2915.8958110903995
900,OUT018,633.3004191176692
157,OUT017,3627.275130004802
664,OUT035,2916.3531005356954
358,OUT027,6423.665053307073
58,OUT018,2512.003321906729
1080,OUT018,1305.157456530469
973,OUT017,972.3445208226744
1067,OUT046,2409.219235266377
201,OUT045,4085.492876469693
1354,OUT049,1432.1649540628641
1492,OUT018,2768.5773723996813
402,OUT018,3212.521170066285
752,OUT017,3286.063346196358
806,OUT027,3182.025828454597
611,OUT027,3175.191548590898
1113,OUT027,4805.364870898121
895,OUT013,2000.9843912976235
1514,OUT035,1082.265475169777
293,OUT018,2730.6794183188067
147,OUT045,2347.1573862663236
890,OUT018,2622.8221788515584
624,OUT013,3059.4265380195493
1516,OUT027,2986.315048824895
1485,OUT046,3093.6774157546374
687,OUT018,1974.974680335933
112,OUT046,3391.349602865899
1326,OUT046,1718.014573573847
1412,OUT017,2009.2130627633155
506,OUT027,1714.110820831009
1349,OUT049,811.6620045653428
1378,OUT049,2250.9320552264635
788,OUT019,593.4689870474713
1200,OUT049,2928.162056943741
849,OUT049,769.3424468561975
541,OUT049,2921.3123727380726
142,OUT045,778.0262514814754
557,OUT027,4955.627459146082
65,OUT045,1462.616078029805
242,OUT010,351.7290697751666
292,OUT013,3460.682618320023
755,OUT045,2001.8334068553518
711,OUT035,1370.8759455626162
816,OUT013,2473.0090924384604
1142,OUT027,4013.292784074522
261,OUT027,5231.708612883896
1011,OUT046,4009.5108196282654
608,OUT013,2195.2976327101496
108,OUT049,3385.032913306117
554,OUT013,3471.114447338527
59,OUT027,3792.2771356836474
554,OUT017,3659.8845719270585
71,OUT018,989.5231819458468
14,OUT018,2708.564901298926
27,OUT027,1245.6237354923421
377,OUT046,3060.225257289263
1232,OUT046,1378.7920094257915
264,OUT010,366.03210932594783
672,OUT027,5017.072231823366
692,OUT017,3991.461073806313
145,OUT049,962.7007373714227
1338,OUT049,3812.301340261328
385,OUT018,1639.259986468846
116,OUT046,787.35917048901
1104,OUT049,1057.809550696617
233,OUT046,2267.6205490670873
308,OUT018,2672.9140391398505
1426,OUT045,1905.8328484949857
521,OUT017,3817.6304562375863
997,OUT045,1324.1267484983894
